date,open_price,highest_price,lowest_price,close_price,price_change,change_percentage,volume
2/12/2024,"64,600.00","64,800.00","64,200.00","64,500.00",-100,0,"1,229,100.00"
29/11/2024,"64,500.00","64,800.00","64,300.00","64,600.00",100,0,"1,105,500.00"
28/11/2024,"65,000.00","65,000.00","64,500.00","64,500.00",-100,0,"1,273,300.00"
27/11/2024,"64,800.00","65,000.00","64,500.00","64,600.00",-200,0,"1,586,400.00"
26/11/2024,"64,500.00","65,000.00","64,400.00","64,800.00",500,0.01,"1,675,600.00"
25/11/2024,"64,300.00","64,600.00","64,200.00","64,300.00",0,0,"2,446,600.00"
22/11/2024,"63,900.00","64,800.00","63,900.00","64,300.00",400,0.01,"2,176,700.00"
21/11/2024,"63,700.00","64,100.00","63,400.00","63,900.00",300,0,"2,253,500.00"
20/11/2024,"63,000.00","63,800.00","62,900.00","63,600.00",600,0.01,"2,818,000.00"
19/11/2024,"63,300.00","63,500.00","63,000.00","63,000.00",-200,0,"2,733,600.00"
18/11/2024,"63,700.00","64,200.00","63,200.00","63,200.00",-500,-0.01,"3,747,000.00"
15/11/2024,"64,900.00","64,900.00","63,700.00","63,700.00","-1,300.00",-0.02,"3,688,300.00"
14/11/2024,"65,000.00","65,000.00","64,700.00","65,000.00",0,0,"1,779,900.00"
13/11/2024,"65,100.00","65,600.00","64,700.00","65,000.00",100,0,"2,770,700.00"
12/11/2024,"65,200.00","65,700.00","64,800.00","64,900.00",-300,0,"1,729,600.00"
11/11/2024,"65,700.00","65,800.00","64,700.00","65,200.00",-500,-0.01,"2,737,600.00"
8/11/2024,"66,000.00","66,200.00","65,600.00","65,700.00",-200,0,"1,592,400.00"
7/11/2024,"66,000.00","66,200.00","65,600.00","65,900.00",100,0,"1,152,300.00"
6/11/2024,"66,000.00","66,000.00","65,300.00","65,800.00",300,0,"2,594,600.00"
5/11/2024,"65,700.00","66,000.00","65,500.00","65,500.00",-100,0,"1,060,900.00"
4/11/2024,"65,900.00","66,600.00","65,600.00","65,600.00",-200,0,"2,118,800.00"
1/11/2024,"66,100.00","66,300.00","65,600.00","65,800.00",-300,0,"2,178,000.00"
31/10/2024,"66,600.00","66,600.00","65,300.00","66,100.00",-200,0,"5,170,700.00"
30/10/2024,"67,000.00","67,300.00","66,300.00","66,300.00",-700,-0.01,"3,431,700.00"
29/10/2024,"67,300.00","67,300.00","66,800.00","67,000.00",-200,0,"2,030,600.00"
28/10/2024,"67,700.00","68,000.00","66,700.00","67,200.00",-800,-0.01,"2,923,300.00"
25/10/2024,"68,600.00","68,600.00","67,900.00","68,000.00",-400,-0.01,"2,170,200.00"
24/10/2024,"67,300.00","69,000.00","67,300.00","68,400.00","1,100.00",0.02,"4,365,000.00"
23/10/2024,"67,300.00","67,600.00","67,200.00","67,300.00",0,0,"1,635,900.00"
22/10/2024,"67,300.00","67,800.00","67,200.00","67,300.00",0,0,"2,250,400.00"
21/10/2024,"67,400.00","67,900.00","67,200.00","67,300.00",-100,0,"1,860,000.00"
18/10/2024,"67,600.00","68,000.00","67,400.00","67,400.00",-200,0,"1,597,500.00"
17/10/2024,"67,600.00","67,900.00","67,300.00","67,600.00",100,0,"1,655,000.00"
16/10/2024,"66,800.00","68,100.00","66,800.00","67,500.00",700,0.01,"2,003,900.00"
15/10/2024,"67,200.00","67,400.00","66,700.00","66,800.00",-400,-0.01,"3,073,300.00"
14/10/2024,"68,100.00","68,100.00","67,100.00","67,200.00",-500,-0.01,"2,820,500.00"
11/10/2024,"68,100.00","68,200.00","67,500.00","67,700.00",0,0,"2,370,000.00"
10/10/2024,"68,300.00","68,800.00","67,700.00","67,700.00",-100,0,"2,622,600.00"
9/10/2024,"68,300.00","68,600.00","67,800.00","67,800.00",-400,-0.01,"3,527,900.00"
8/10/2024,"67,200.00","68,200.00","67,200.00","68,200.00","1,100.00",0.02,"2,887,600.00"
7/10/2024,"68,700.00","69,300.00","67,100.00","67,100.00","-1,400.00",-0.02,"5,986,300.00"
4/10/2024,"70,500.00","70,500.00","68,400.00","68,500.00","-1,800.00",-0.03,"6,134,000.00"
3/10/2024,"70,200.00","70,500.00","69,900.00","70,300.00",200,0,"2,948,000.00"
2/10/2024,"70,200.00","70,200.00","69,600.00","70,100.00",0,0,"2,139,900.00"
1/10/2024,"70,200.00","70,700.00","70,100.00","70,100.00",0,0,"2,040,200.00"
30/09/2024,"71,000.00","71,000.00","70,100.00","70,100.00",-900,-0.01,"2,043,500.00"
27/09/2024,"70,800.00","71,200.00","70,700.00","71,000.00",300,0,"2,968,700.00"
26/09/2024,"69,600.00","71,100.00","69,600.00","70,700.00","1,100.00",0.02,"3,984,100.00"
25/09/2024,"70,300.00","70,400.00","69,600.00","69,600.00",-700,-0.01,"4,520,500.00"
24/09/2024,"71,000.00","71,000.00","70,100.00","70,300.00",-200,0,"2,076,500.00"
23/09/2024,"70,643.28","70,739.92","70,160.08","70,450.00",200,0,"2,997,201.00"
20/09/2024,"71,029.84","71,513.03","70,256.72","70,256.72",-600,-0.01,"6,555,403.00"
19/09/2024,"70,836.56","71,029.84","70,546.64","70,836.56",0,0,"1,572,742.00"
18/09/2024,"71,126.47","71,416.39","70,546.64","70,836.56",-100,0,"2,845,344.00"
17/09/2024,"69,580.25","70,933.20","69,290.33","70,933.20","1,500.00",0.02,"2,526,732.00"
16/09/2024,"70,546.64","70,546.64","69,483.61","69,483.61","-1,000.00",-0.01,"4,034,700.00"
13/09/2024,"72,286.15","72,286.15","70,450.00","70,450.00","-1,800.00",-0.02,"5,347,113.00"
12/9/2024,"72,479.42","72,672.70","71,899.59","72,189.51",100,0,"2,052,124.00"
11/9/2024,"72,286.15","72,576.06","71,416.39","72,092.87",-300,0,"3,165,231.00"
10/9/2024,"72,286.15","72,962.62","71,802.95","72,382.78",100,0,"3,332,434.00"
9/9/2024,"72,576.06","72,576.06","71,706.31","72,286.15",-600,-0.01,"2,638,800.00"
6/9/2024,"72,382.78","72,962.62","72,286.15","72,865.98",700,0.01,"3,641,800.00"
5/9/2024,"71,802.95","72,865.98","71,609.67","72,189.51",400,0.01,"5,841,142.00"
4/9/2024,"70,836.56","71,996.23","70,643.28","71,802.95",400,0.01,"2,839,125.00"
30/08/2024,"71,126.47","72,286.15","70,933.20","71,416.39",400,0.01,"3,675,800.00"
29/08/2024,"71,223.11","71,513.03","70,933.20","71,029.84",-400,-0.01,"2,042,980.00"
28/08/2024,"71,126.47","71,513.03","70,739.92","71,416.39",400,0.01,"3,352,840.00"
27/08/2024,"70,933.20","71,319.75","70,160.08","71,029.84",100,0,"4,265,844.00"
26/08/2024,"72,382.78","72,479.42","70,836.56","70,933.20","-1,500.00",-0.02,"6,324,827.00"
23/08/2024,"72,382.78","73,059.26","71,899.59","72,382.78",700,0.01,"3,307,633.00"
22/08/2024,"73,445.82","73,445.82","71,126.47","71,706.31","-1,100.00",-0.01,"6,025,954.00"
21/08/2024,"72,672.70","73,542.46","72,576.06","72,769.34",-300,0,"3,991,045.00"
20/08/2024,"73,445.82","73,639.09","72,769.34","73,059.26",-400,-0.01,"4,177,349.00"
19/08/2024,"71,513.03","73,445.82","71,319.75","73,445.82","2,200.00",0.03,"7,917,931.00"
16/08/2024,"71,513.03","71,609.67","70,739.92","71,319.75",0,0,"7,392,917.00"
15/08/2024,"71,513.03","72,092.87","71,223.11","71,319.75",-200,0,"4,255,830.00"
14/08/2024,"71,513.03","71,609.67","70,836.56","71,513.03",200,0,"5,456,225.00"
13/08/2024,"70,353.36","71,899.59","70,256.72","71,319.75",800,0.01,"6,834,400.00"
12/8/2024,"70,836.56","71,899.59","70,353.36","70,546.64",-300,0,"5,804,000.00"
9/8/2024,"70,353.36","70,933.20","70,063.44","70,836.56",600,0.01,"4,527,500.00"
8/8/2024,"71,416.39","71,899.59","69,773.53","70,256.72","-1,100.00",-0.01,"7,611,000.00"
7/8/2024,"70,739.92","71,319.75","69,966.80","71,319.75","1,100.00",0.02,"10,740,700.00"
6/8/2024,"67,937.38","70,836.56","67,647.46","70,256.72","3,300.00",0.05,"13,950,400.00"
5/8/2024,"68,613.85","68,807.13","66,197.87","67,067.63","-2,100.00",-0.03,"12,245,500.00"
2/8/2024,"67,647.46","69,483.61","67,647.46","69,097.05","1,200.00",0.02,"10,290,200.00"
1/8/2024,"69,386.97","69,483.61","67,744.10","67,937.38","-1,300.00",-0.02,"8,955,800.00"
31/07/2024,"66,197.87","69,580.25","66,197.87","69,193.69","3,900.00",0.06,"21,564,900.00"
30/07/2024,"65,038.20","66,101.23","64,651.65","65,424.76",500,0.01,"6,465,600.00"
29/07/2024,"63,975.17","65,328.12","63,685.25","64,941.56","1,400.00",0.02,"5,781,800.00"
26/07/2024,"63,202.06","63,975.17","63,202.06","63,588.61",200,0,"3,275,400.00"
25/07/2024,"63,395.34","63,491.98","63,105.42","63,395.34",0,0,"1,957,600.00"
24/07/2024,"63,588.61","63,878.53","63,395.34","63,395.34",-300,0,"3,913,500.00"
23/07/2024,"63,395.34","64,071.81","63,298.70","63,685.25",500,0.01,"3,777,800.00"
22/07/2024,"63,105.42","63,781.89","63,008.78","63,202.06",100,0,"2,654,800.00"
19/07/2024,"63,685.25","63,685.25","62,912.14","63,105.42",-600,-0.01,"3,412,700.00"
18/07/2024,"63,781.89","63,781.89","63,298.70","63,685.25",200,0,"2,363,000.00"
17/07/2024,"63,975.17","64,265.09","63,395.34","63,491.98",-400,-0.01,"3,464,800.00"
16/07/2024,"64,168.45","64,458.37","63,878.53","63,878.53",-100,0,"2,243,700.00"
15/07/2024,"64,071.81","64,651.65","63,975.17","63,975.17",-100,0,"2,155,300.00"
12/7/2024,"64,168.45","64,361.73","63,878.53","64,071.81",0,0,"2,189,900.00"
11/7/2024,"64,651.65","64,748.29","64,071.81","64,071.81",-500,-0.01,"3,787,100.00"
10/7/2024,"65,231.48","65,521.40","64,555.01","64,555.01",-700,-0.01,"3,991,700.00"
9/7/2024,"65,328.12","65,521.40","64,941.56","65,231.48",-100,0,"5,045,200.00"
8/7/2024,"65,038.20","65,424.76","64,748.29","65,328.12",400,0.01,"4,942,400.00"
5/7/2024,"64,168.45","65,231.48","64,168.45","64,941.56",800,0.01,"4,285,100.00"
4/7/2024,"64,071.81","64,651.65","64,071.81","64,168.45",200,0,"2,688,900.00"
3/7/2024,"63,975.17","64,071.81","63,781.89","63,975.17",0,0,"1,437,600.00"
2/7/2024,"63,781.89","64,071.81","63,588.61","63,975.17",200,0,"2,042,800.00"
1/7/2024,"63,588.61","63,781.89","63,105.42","63,781.89",500,0.01,"1,909,300.00"
28/06/2024,"63,298.70","63,781.89","63,105.42","63,298.70",200,0,"2,821,700.00"
27/06/2024,"63,008.78","63,395.34","62,912.14","63,105.42",100,0,"2,755,400.00"
26/06/2024,"63,588.61","63,588.61","62,912.14","63,008.78",-300,0,"2,599,300.00"
25/06/2024,"63,588.61","63,975.17","63,298.70","63,298.70",0,0,"3,680,600.00"
24/06/2024,"63,878.53","64,361.73","63,105.42","63,298.70",-500,-0.01,"3,871,900.00"
21/06/2024,"64,265.09","64,844.92","63,781.89","63,781.89",0,0,"4,023,700.00"
20/06/2024,"63,202.06","64,555.01","63,008.78","63,781.89",700,0.01,"4,397,100.00"
19/06/2024,"63,781.89","63,781.89","62,912.14","63,105.42",-600,-0.01,"6,211,000.00"
18/06/2024,"64,265.09","64,265.09","63,685.25","63,685.25",-100,0,"2,751,700.00"
17/06/2024,"64,071.81","64,361.73","63,781.89","63,781.89",-200,0,"3,617,600.00"
14/06/2024,"64,748.29","65,038.20","63,975.17","63,975.17",-700,-0.01,"4,124,200.00"
13/06/2024,"64,748.29","65,134.84","64,555.01","64,651.65",-100,0,"4,003,600.00"
12/6/2024,"64,265.09","65,038.20","64,071.81","64,748.29",500,0.01,"3,522,696.00"
11/6/2024,"65,134.84","65,231.48","64,168.45","64,265.09",-700,-0.01,"6,177,100.00"
10/6/2024,"66,101.23","66,197.87","64,941.56","64,941.56",-600,-0.01,"4,584,100.00"
7/6/2024,"65,328.12","66,294.51","65,231.48","65,521.40",600,0.01,"4,127,600.00"
6/6/2024,"66,681.07","66,681.07","64,941.56","64,941.56","-1,300.00",-0.02,"4,907,800.00"
5/6/2024,"63,975.17","66,874.35","63,975.17","66,197.87","2,500.00",0.04,"11,865,800.00"
4/6/2024,"63,878.53","64,361.73","63,781.89","63,781.89",-100,0,"3,755,800.00"
3/6/2024,"63,588.61","64,361.73","63,491.98","63,878.53",700,0.01,"3,302,200.00"
31/05/2024,"63,685.25","63,685.25","63,105.42","63,202.06",-300,0,"4,165,400.00"
30/05/2024,"63,878.53","63,975.17","63,298.70","63,491.98",-600,-0.01,"4,502,600.00"
29/05/2024,"64,748.29","65,038.20","63,781.89","64,071.81",-500,-0.01,"3,644,200.00"
28/05/2024,"64,071.81","65,038.20","63,878.53","64,555.01",700,0.01,"5,787,500.00"
27/05/2024,"63,878.53","64,361.73","63,588.61","63,878.53",100,0,"2,426,600.00"
24/05/2024,"64,458.37","64,651.65","63,491.98","63,781.89","-1,000.00",-0.01,"4,194,100.00"
23/05/2024,"63,781.89","64,748.29","63,588.61","64,748.29","1,200.00",0.02,"2,991,400.00"
22/05/2024,"64,168.45","64,458.37","63,588.61","63,588.61",-400,-0.01,"3,728,300.00"
21/05/2024,"64,168.45","64,361.73","63,588.61","63,975.17",-200,0,"3,821,200.00"
20/05/2024,"64,844.92","65,328.12","64,168.45","64,168.45",-600,-0.01,"4,941,500.00"
17/05/2024,"65,038.20","65,521.40","64,555.01","64,748.29",-200,0,"4,349,200.00"
16/05/2024,"64,844.92","65,424.76","64,748.29","64,941.56",200,0,"3,153,300.00"
15/05/2024,"64,651.65","65,038.20","64,458.37","64,748.29",500,0.01,"3,895,400.00"
14/05/2024,"63,685.25","64,748.29","63,685.25","64,265.09",700,0.01,"2,704,800.00"
13/05/2024,"64,361.73","64,555.01","63,202.06","63,588.61",-700,-0.01,"2,882,500.00"
10/5/2024,"64,458.37","65,231.48","63,878.53","64,265.09",-100,0,"2,438,800.00"
9/5/2024,"65,618.04","65,618.04","64,361.73","64,361.73","-1,300.00",-0.02,"2,998,000.00"
8/5/2024,"65,714.68","65,714.68","64,844.92","65,618.04",-100,0,"2,984,400.00"
7/5/2024,"63,781.89","66,197.87","63,685.25","65,714.68","2,200.00",0.03,"8,723,900.00"
6/5/2024,"63,588.61","64,168.45","63,298.70","63,588.61",200,0,"2,261,300.00"
3/5/2024,"63,395.34","63,781.89","63,298.70","63,395.34",200,0,"2,204,400.00"
2/5/2024,"63,202.06","63,298.70","62,718.86","63,202.06",400,0.01,"2,563,400.00"
26/04/2024,"62,525.58","63,588.61","62,332.30","62,815.50",300,0,"2,940,600.00"
25/04/2024,"61,849.11","62,622.22","61,752.47","62,525.58",700,0.01,"2,006,000.00"
24/04/2024,"61,849.11","62,139.03","61,365.91","61,849.11",500,0.01,"2,478,300.00"
23/04/2024,"62,042.39","62,139.03","61,075.99","61,365.91",-500,-0.01,"2,139,400.00"
22/04/2024,"62,525.58","63,105.42","61,849.11","61,849.11",-200,0,"2,035,200.00"
19/04/2024,"62,042.39","62,235.67","61,172.63","62,042.39",0,0,"4,677,100.00"
17/04/2024,"62,235.67","62,718.86","62,042.39","62,042.39",200,0,"5,144,500.00"
16/04/2024,"62,718.86","62,815.50","60,882.72","61,849.11",-900,-0.01,"7,128,700.00"
15/04/2024,"64,458.37","64,458.37","62,718.86","62,718.86","-1,800.00",-0.03,"5,776,100.00"
12/4/2024,"64,555.01","64,844.92","64,361.73","64,458.37",100,0,"2,509,200.00"
11/4/2024,"64,458.37","64,651.65","64,265.09","64,361.73",-200,0,"2,947,700.00"
10/4/2024,"64,844.92","65,038.20","64,555.01","64,555.01",-200,0,"4,464,100.00"
9/4/2024,"64,844.92","65,038.20","64,555.01","64,748.29",0,0,"2,516,000.00"
8/4/2024,"65,714.68","65,714.68","64,651.65","64,748.29",-900,-0.01,"3,716,000.00"
5/4/2024,"65,907.96","65,907.96","65,424.76","65,618.04",-300,0,"4,233,800.00"
4/4/2024,"64,458.37","66,101.23","64,458.37","65,907.96","1,500.00",0.02,"8,598,100.00"
3/4/2024,"65,038.20","65,038.20","64,458.37","64,458.37",-600,-0.01,"5,046,100.00"
2/4/2024,"64,748.29","65,134.84","64,458.37","65,038.20",300,0,"4,322,900.00"
1/4/2024,"65,328.12","65,424.76","64,748.29","64,748.29",-600,-0.01,"5,013,000.00"
29/03/2024,"66,101.23","66,101.23","65,231.48","65,328.12",-100,0,"3,694,900.00"
28/03/2024,"65,424.76","66,101.23","65,328.12","65,424.76",0,0,"4,492,200.00"
27/03/2024,"65,714.68","65,714.68","65,231.48","65,424.76",0,0,"2,812,100.00"
26/03/2024,"65,134.84","65,618.04","65,038.20","65,424.76",400,0.01,"2,524,500.00"
25/03/2024,"65,618.04","65,907.96","64,844.92","65,038.20",-500,-0.01,"5,588,600.00"
22/03/2024,"66,294.51","66,391.15","65,521.40","65,521.40",-600,-0.01,"6,162,600.00"
21/03/2024,"65,907.96","66,197.87","65,618.04","66,101.23",400,0.01,"5,061,700.00"
20/03/2024,"65,521.40","66,294.51","65,231.48","65,714.68",200,0,"3,657,800.00"
19/03/2024,"66,197.87","66,197.87","65,521.40","65,521.40",-100,0,"3,222,100.00"
18/03/2024,"66,487.79","66,777.71","65,328.12","65,618.04",-900,-0.01,"6,796,400.00"
15/03/2024,"67,744.10","67,744.10","66,391.15","66,487.79",-800,-0.01,"4,851,100.00"
14/03/2024,"67,737.93","68,024.15","67,070.09","67,260.91",-300,0,"5,476,400.00"
13/03/2024,"66,879.28","67,642.53","66,783.88","67,547.12",800,0.01,"5,702,600.00"
12/3/2024,"67,165.50","67,356.31","66,783.88","66,783.88",-300,0,"3,844,000.00"
11/3/2024,"67,260.91","68,024.15","66,783.88","67,070.09",300,0,"4,268,400.00"
8/3/2024,"68,787.39","69,550.64","66,783.88","66,783.88","-2,000.00",-0.03,"7,361,000.00"
7/3/2024,"68,405.77","68,787.39","68,024.15","68,691.99",200,0,"5,217,600.00"
6/3/2024,"69,932.26","70,123.07","68,501.18","68,501.18","-1,200.00",-0.02,"4,862,900.00"
5/3/2024,"68,691.99","69,646.04","68,405.77","69,646.04","1,000.00",0.01,"5,530,900.00"
4/3/2024,"68,501.18","69,359.83","68,310.37","68,691.99",500,0.01,"5,014,600.00"
1/3/2024,"68,787.39","68,787.39","67,928.74","68,214.96",-500,-0.01,"4,487,700.00"
29/02/2024,"69,264.42","69,932.26","68,310.37","68,691.99",-200,0,"6,568,800.00"
28/02/2024,"69,073.61","69,264.42","68,214.96","68,882.80",200,0,"3,509,000.00"
27/02/2024,"67,928.74","69,073.61","67,833.34","68,691.99","1,000.00",0.01,"5,282,500.00"
26/02/2024,"67,737.93","68,405.77","67,451.72","67,737.93",0,0,"3,138,400.00"
23/02/2024,"68,501.18","69,359.83","67,737.93","67,737.93",-600,-0.01,"6,142,500.00"
22/02/2024,"68,024.15","69,359.83","67,833.34","68,310.37",300,0,"4,698,100.00"
21/02/2024,"68,214.96","68,596.58","67,737.93","68,024.15",-200,0,"3,590,200.00"
20/02/2024,"68,405.77","69,073.61","68,024.15","68,214.96",-400,-0.01,"4,435,700.00"
19/02/2024,"67,642.53","69,264.42","67,451.72","68,596.58","1,900.00",0.03,"7,144,500.00"
16/02/2024,"64,684.96","67,070.09","64,398.74","66,783.88","2,400.00",0.04,"11,114,600.00"
15/02/2024,"64,494.14","64,875.77","64,112.52","64,494.14",0,0,"4,115,500.00"
7/2/2024,"64,494.14","64,780.36","64,112.52","64,494.14",0,0,"2,736,300.00"
6/2/2024,"64,971.17","65,066.58","64,494.14","64,494.14",-400,-0.01,"2,463,800.00"
5/2/2024,"64,303.33","65,066.58","64,112.52","64,875.77",600,0.01,"3,565,900.00"
2/2/2024,"64,398.74","64,589.55","63,921.71","64,303.33",-100,0,"2,677,300.00"
1/2/2024,"64,112.52","64,684.96","64,112.52","64,398.74",500,0.01,"2,549,300.00"
31/01/2024,"64,112.52","65,066.58","63,826.31","63,921.71",100,0,"4,441,100.00"
30/01/2024,"64,207.93","64,207.93","63,826.31","63,826.31",-100,0,"1,840,400.00"
29/01/2024,"64,017.12","64,207.93","63,826.31","63,921.71",0,0,"2,153,800.00"
26/01/2024,"63,921.71","64,398.74","63,921.71","63,921.71",100,0,"1,675,800.00"
25/01/2024,"64,303.33","64,398.74","63,826.31","63,826.31",-400,-0.01,"2,800,500.00"
24/01/2024,"64,684.96","64,875.77","64,112.52","64,207.93",-400,-0.01,"2,083,500.00"
23/01/2024,"65,161.98","65,161.98","64,494.14","64,589.55",-600,-0.01,"2,252,000.00"
22/01/2024,"64,875.77","65,543.61","64,875.77","65,161.98",300,0,"1,959,800.00"
19/01/2024,"64,303.33","65,448.20","64,303.33","64,875.77",600,0.01,"2,809,900.00"
18/01/2024,"64,207.93","64,684.96","64,207.93","64,303.33",300,0,"3,008,200.00"
17/01/2024,"64,398.74","64,780.36","63,921.71","64,017.12",-300,0,"1,916,400.00"
16/01/2024,"63,921.71","64,303.33","63,635.49","64,303.33",400,0.01,"2,072,400.00"
15/01/2024,"64,112.52","64,398.74","63,921.71","63,921.71",-200,0,"2,336,501.00"
12/1/2024,"64,494.14","64,780.36","63,921.71","64,112.52",-700,-0.01,"3,283,000.00"
11/1/2024,"64,398.74","65,352.79","64,398.74","64,780.36",400,0.01,"2,083,900.00"
10/1/2024,"64,971.17","64,971.17","64,303.33","64,398.74",-600,-0.01,"3,006,600.00"
9/1/2024,"65,066.58","65,352.79","64,875.77","64,971.17",-100,0,"2,579,400.00"
8/1/2024,"65,829.82","65,925.23","65,066.58","65,066.58",-600,-0.01,"2,396,400.00"
5/1/2024,"66,116.04","66,116.04","65,352.79","65,639.01",-200,0,"1,775,700.00"
4/1/2024,"65,925.23","66,306.85","65,829.82","65,829.82",0,0,"3,401,500.00"
3/1/2024,"65,257.39","65,829.82","64,875.77","65,829.82",700,0.01,"1,979,801.00"
2/1/2024,"65,066.58","65,352.79","64,780.36","65,161.98",700,0.01,"2,142,800.00"
29/12/2023,"65,543.61","65,543.61","64,494.14","64,494.14",-900,-0.01,"2,257,800.00"
28/12/2023,"64,398.74","65,352.79","64,398.74","65,352.79","1,000.00",0.01,"2,873,700.00"
27/12/2023,"64,875.77","65,066.58","64,398.74","64,398.74",0,0,"1,736,400.00"
26/12/2023,"64,682.85","64,872.26","64,398.74","64,398.74",100,0,"1,975,400.00"
25/12/2023,"64,019.92","65,061.67","64,019.92","64,304.04",300,0,"3,128,279.00"
22/12/2023,"64,209.33","64,493.44","63,925.22","64,019.92",-200,0,"2,620,700.00"
21/12/2023,"64,304.04","64,682.85","64,209.33","64,209.33",-300,0,"2,875,900.00"
20/12/2023,"63,451.70","64,588.15","63,451.70","64,493.44","1,100.00",0.02,"2,623,900.00"
19/12/2023,"63,546.40","63,830.51","62,788.77","63,451.70",0,0,"3,151,900.00"
18/12/2023,"64,493.44","64,588.15","63,451.70","63,451.70","-1,100.00",-0.02,"3,613,100.00"
15/12/2023,"64,872.26","64,966.96","64,493.44","64,493.44",-300,0,"4,122,500.00"
14/12/2023,"64,777.56","65,251.08","64,588.15","64,777.56",200,0,"1,462,000.00"
13/12/2023,"65,914.00","66,008.71","64,493.44","64,588.15","-1,200.00",-0.02,"4,601,000.00"
12/12/2023,"66,292.82","66,387.52","65,345.78","65,724.60",-600,-0.01,"2,788,700.00"
11/12/2023,"66,766.34","66,766.34","66,198.12","66,292.82","1,000.00",0.01,"4,764,500.00"
8/12/2023,"64,777.56","65,629.89","64,398.74","65,345.78",600,0.01,"3,729,400.00"
7/12/2023,"65,156.37","65,156.37","63,925.22","64,777.56",-100,0,"3,921,300.00"
6/12/2023,"64,493.44","64,966.96","64,493.44","64,872.26",400,0.01,"1,606,600.00"
5/12/2023,"65,156.37","65,345.78","64,398.74","64,493.44",-700,-0.01,"2,302,100.00"
4/12/2023,"64,872.26","65,819.30","64,777.56","65,156.37",400,0.01,"3,006,800.00"
1/12/2023,"64,398.74","64,872.26","64,114.63","64,777.56","1,000.00",0.01,"1,558,800.00"
30/11/2023,"64,777.56","65,061.67","63,830.51","63,830.51","-1,000.00",-0.01,"2,630,600.00"
29/11/2023,"64,872.26","65,156.37","64,588.15","64,777.56",-100,0,"1,419,153.00"
28/11/2023,"64,493.44","64,872.26","63,925.22","64,872.26",400,0.01,"1,957,253.00"
27/11/2023,"64,682.85","64,777.56","64,304.04","64,493.44",-200,0,"1,333,300.00"
24/11/2023,"64,966.96","65,251.08","64,019.92","64,682.85",-400,-0.01,"3,128,900.00"
23/11/2023,"66,103.41","66,198.12","65,061.67","65,061.67",-700,-0.01,"1,653,100.00"
22/11/2023,"65,819.30","66,482.23","65,345.78","65,724.60",-100,0,"1,533,200.00"
21/11/2023,"65,724.60","66,103.41","65,251.08","65,819.30",200,0,"2,989,800.00"
20/11/2023,"65,535.19","66,198.12","65,345.78","65,629.89",-700,-0.01,"2,001,000.00"
17/11/2023,"67,239.86","67,334.56","65,535.19","66,292.82",-300,0,"2,335,800.00"
16/11/2023,"66,861.04","67,523.97","66,198.12","66,576.93",-400,-0.01,"2,368,200.00"
15/11/2023,"66,292.82","67,997.49","66,292.82","66,955.75","1,800.00",0.03,"3,949,400.00"
14/11/2023,"65,345.78","65,724.60","64,588.15","65,251.08",200,0,"2,996,000.00"
13/11/2023,"66,008.71","66,292.82","64,966.96","65,061.67",-900,-0.01,"1,730,800.00"
10/11/2023,"67,050.45","67,050.45","65,914.00","65,914.00","-1,100.00",-0.02,"2,833,100.00"
9/11/2023,"67,808.08","68,281.60","66,955.75","66,955.75",-700,-0.01,"3,420,100.00"
8/11/2023,"67,050.45","67,713.38","66,103.41","67,618.68",600,0.01,"2,339,600.00"
7/11/2023,"66,766.34","67,050.45","66,103.41","67,050.45",-200,0,"1,474,700.00"
6/11/2023,"66,482.23","67,713.38","66,387.52","67,239.86","1,000.00",0.01,"1,136,800.00"
3/11/2023,"67,145.16","67,145.16","66,103.41","66,292.82",-900,-0.01,"1,692,700.00"
2/11/2023,"66,766.34","67,145.16","66,103.41","67,145.16",500,0.01,"2,390,200.00"
1/11/2023,"65,345.78","66,766.34","64,304.04","66,671.64","2,400.00",0.04,"2,337,200.00"
31/10/2023,"64,304.04","65,819.30","64,019.92","64,398.74",400,0.01,"2,183,600.00"
30/10/2023,"64,304.04","64,398.74","63,546.40","64,019.92",-400,-0.01,"1,112,000.00"
27/10/2023,"63,735.81","64,398.74","63,072.88","64,398.74","1,000.00",0.01,"1,811,000.00"
26/10/2023,"64,872.26","64,966.96","62,409.95","63,451.70","-2,000.00",-0.03,"5,201,700.00"
25/10/2023,"66,576.93","67,050.45","65,345.78","65,345.78","-1,300.00",-0.02,"2,477,700.00"
24/10/2023,"66,482.23","67,050.45","66,387.52","66,576.93",100,0,"1,099,508.00"
23/10/2023,"67,902.79","68,186.90","66,387.52","66,482.23","-2,100.00",-0.03,"2,804,900.00"
20/10/2023,"67,523.97","68,660.42","66,482.23","68,471.01",900,0.01,"2,371,808.00"
19/10/2023,"69,512.76","69,512.76","67,145.16","67,618.68","-2,500.00",-0.03,"4,007,700.00"
18/10/2023,"70,838.61","70,838.61","68,565.72","69,986.28",-900,-0.01,"2,572,400.00"
17/10/2023,"71,312.13","72,069.77","70,838.61","70,838.61",-400,-0.01,"1,595,900.00"
16/10/2023,"71,122.73","71,785.65","70,743.91","71,217.43",-600,-0.01,"1,374,400.00"
13/10/2023,"71,406.84","72,259.17","71,028.02","71,785.65",300,0,"1,560,000.00"
12/10/2023,"70,554.50","71,880.36","70,554.50","71,501.54","1,100.00",0.01,"2,534,800.00"
11/10/2023,"70,649.21","70,838.61","70,080.98","70,459.80",0,0,"1,898,774.00"
10/10/2023,"70,365.09","71,028.02","70,080.98","70,459.80",700,0.01,"1,123,900.00"
9/10/2023,"70,080.98","70,175.68","69,702.16","69,796.87",-500,-0.01,"1,621,374.00"
6/10/2023,"68,849.83","70,270.39","68,755.12","70,270.39","1,500.00",0.02,"1,327,000.00"
5/10/2023,"70,175.68","70,459.80","68,849.83","68,849.83","-1,700.00",-0.02,"2,645,700.00"
4/10/2023,"69,702.16","70,649.21","69,512.76","70,459.80",400,0.01,"1,177,900.00"
3/10/2023,"70,649.21","71,122.73","69,986.28","70,080.98","-1,600.00",-0.02,"2,013,700.00"
2/10/2023,"70,270.39","71,596.25","70,270.39","71,596.25","1,400.00",0.02,"1,304,901.00"
29/09/2023,"71,028.02","72,353.88","70,270.39","70,270.39",-600,-0.01,"1,403,900.00"
28/09/2023,"72,069.77","72,353.88","70,838.61","70,838.61","-1,800.00",-0.02,"2,034,300.00"
27/09/2023,"72,259.17","72,543.29","70,838.61","72,543.29",500,0.01,"2,273,300.00"
26/09/2023,"73,490.33","73,869.14","71,975.06","72,069.77","-1,500.00",-0.02,"2,634,600.00"
25/09/2023,"73,111.51","74,342.66","72,637.99","73,490.33",100,0,"2,795,503.00"
22/09/2023,"73,016.81","74,153.25","71,785.65","73,395.62",-500,-0.01,"4,361,903.00"
21/09/2023,"73,963.85","74,153.25","73,206.21","73,869.14",-300,0,"2,577,902.00"
20/09/2023,"74,247.96","74,626.77","73,869.14","74,153.25",-600,-0.01,"2,403,202.00"
19/09/2023,"74,342.66","74,721.48","73,300.92","74,721.48",0,0,"2,571,703.00"
18/09/2023,"74,910.89","75,573.81","74,532.07","74,721.48",-600,-0.01,"1,499,600.00"
15/09/2023,"75,195.00","76,899.67","74,816.18","75,289.70",100,0,"5,614,800.00"
14/09/2023,"74,342.66","75,763.22","74,247.96","75,195.00",300,0,"2,660,100.00"
13/09/2023,"75,384.41","76,047.33","74,532.07","74,910.89","-1,200.00",-0.01,"2,507,600.00"
12/9/2023,"74,816.18","76,426.15","74,153.25","76,047.33",800,0.01,"2,708,500.00"
11/9/2023,"75,763.22","76,804.97","73,490.33","75,289.70",-500,-0.01,"4,234,900.00"
8/9/2023,"75,005.59","75,857.93","74,910.89","75,763.22",500,0.01,"2,774,901.00"
7/9/2023,"75,668.52","75,763.22","74,437.37","75,289.70",-500,-0.01,"3,726,700.00"
6/9/2023,"75,857.93","75,857.93","75,289.70","75,763.22",-100,0,"2,280,401.00"
5/9/2023,"74,342.66","76,236.74","73,963.85","75,857.93","2,300.00",0.03,"6,839,901.00"
31/08/2023,"73,395.62","74,721.48","73,016.81","73,679.73",0,0,"4,386,000.00"
30/08/2023,"72,922.10","74,342.66","72,448.58","73,679.73",400,0.01,"2,659,700.00"
29/08/2023,"73,395.62","73,490.33","72,164.47","73,300.92",-500,-0.01,"4,199,901.00"
28/08/2023,"71,028.02","73,963.85","71,028.02","73,774.44","3,000.00",0.04,"6,039,700.00"
25/08/2023,"71,312.13","71,312.13","70,365.09","70,933.32",200,0,"3,045,401.00"
24/08/2023,"69,607.46","70,933.32","69,133.94","70,743.91","1,200.00",0.02,"5,206,002.00"
23/08/2023,"68,565.72","69,702.16","67,808.08","69,607.46",800,0.01,"4,172,801.00"
22/08/2023,"69,323.35","69,323.35","67,334.56","68,849.83",-200,0,"3,075,108.00"
21/08/2023,"68,849.83","69,891.57","68,849.83","69,039.24",-400,-0.01,"3,617,708.00"
18/08/2023,"69,607.46","70,838.61","68,281.60","69,418.05",-300,0,"7,106,201.00"
17/08/2023,"69,228.64","70,554.50","69,039.24","69,702.16",500,0.01,"4,650,904.00"
16/08/2023,"68,944.53","69,607.46","68,660.42","69,228.64",300,0,"2,083,904.00"
15/08/2023,"69,039.24","69,512.76","68,849.83","68,944.53",-600,-0.01,"2,259,703.00"
14/08/2023,"69,512.76","69,607.46","68,660.42","69,512.76",-100,0,"3,366,511.00"
11/8/2023,"69,228.64","69,607.46","68,565.72","69,607.46",400,0.01,"2,204,332.00"
10/8/2023,"69,228.64","70,080.98","69,039.24","69,228.64",0,0,"2,813,226.00"
9/8/2023,"70,554.50","70,554.50","68,944.53","69,228.64","-1,400.00",-0.02,"3,727,162.00"
8/8/2023,"70,743.91","70,933.32","69,986.28","70,554.50",-400,-0.01,"3,510,526.00"
7/8/2023,"69,039.24","70,933.32","68,471.01","70,933.32","1,900.00",0.03,"5,087,933.00"
4/8/2023,"68,660.42","69,133.94","68,186.90","69,133.94",400,0.01,"3,165,220.00"
3/8/2023,"70,175.68","70,175.68","68,755.12","68,755.12","-1,100.00",-0.01,"2,917,624.00"
2/8/2023,"69,657.86","70,116.14","69,016.28","69,749.52",100,0,"5,698,936.00"
1/8/2023,"71,490.96","71,490.96","69,657.86","69,657.86","-2,000.00",-0.03,"5,730,817.00"
31/07/2023,"70,849.38","71,857.58","70,757.72","71,490.96",600,0.01,"3,814,939.00"
28/07/2023,"69,474.55","71,216.00","69,291.24","70,941.03","1,700.00",0.02,"6,143,629.00"
27/07/2023,"68,741.31","69,474.55","68,558.00","69,382.90",700,0.01,"6,208,219.00"
26/07/2023,"68,191.38","68,924.62","68,099.73","68,741.31",500,0.01,"3,189,718.00"
25/07/2023,"67,458.14","68,466.35","66,999.86","68,283.04",900,0.01,"6,645,914.00"
24/07/2023,"67,366.48","67,824.76","67,183.17","67,458.14",100,0,"2,535,331.00"
21/07/2023,"66,541.59","67,366.48","66,449.93","67,366.48",900,0.01,"3,821,822.00"
20/07/2023,"66,541.59","66,724.90","66,266.62","66,541.59",0,0,"2,600,707.00"
19/07/2023,"66,449.93","66,908.21","66,358.28","66,541.59",200,0,"3,025,100.00"
18/07/2023,"66,449.93","66,541.59","66,174.97","66,358.28",100,0,"5,537,000.00"
17/07/2023,"66,908.21","67,458.14","66,174.97","66,266.62","-1,000.00",-0.01,"5,802,800.00"
14/07/2023,"67,091.52","67,274.83","66,083.31","67,183.17",200,0,"7,399,700.00"
13/07/2023,"67,274.83","67,641.45","66,816.55","66,999.86",-400,-0.01,"4,376,500.00"
12/7/2023,"66,816.55","67,366.48","66,541.59","67,366.48",700,0.01,"4,195,800.00"
11/7/2023,"66,083.31","67,274.83","65,716.69","66,724.90",700,0.01,"6,235,300.00"
10/7/2023,"65,441.73","66,633.24","65,258.42","66,083.31","1,200.00",0.02,"6,201,102.00"
7/7/2023,"64,800.14","65,258.42","64,525.18","64,983.45",400,0.01,"5,780,500.00"
6/7/2023,"64,066.90","64,800.14","63,975.25","64,616.83",700,0.01,"7,631,000.00"
5/7/2023,"64,891.80","64,891.80","63,791.94","63,975.25",-800,-0.01,"6,873,600.00"
4/7/2023,"64,616.83","65,258.42","64,250.21","64,708.49",-100,0,"4,923,805.00"
3/7/2023,"65,166.76","65,441.73","64,433.52","64,800.14",-300,0,"3,186,200.00"
30/06/2023,"65,900.00","65,991.66","64,891.80","65,075.11",-900,-0.01,"3,645,000.00"
29/06/2023,"64,708.49","66,358.28","64,250.21","65,900.00","1,300.00",0.02,"7,911,400.00"
28/06/2023,"64,616.83","64,983.45","63,883.59","64,708.49",100,0,"6,204,700.00"
27/06/2023,"64,891.80","64,891.80","63,791.94","64,616.83",-100,0,"6,128,900.00"
26/06/2023,"63,516.97","64,800.14","62,600.42","64,708.49","1,500.00",0.02,"10,737,800.00"
23/06/2023,"61,408.90","63,700.28","61,408.90","63,333.66","2,200.00",0.03,"11,958,000.00"
22/06/2023,"60,950.63","61,683.87","60,767.32","61,317.25",600,0.01,"5,610,600.00"
21/06/2023,"60,125.73","60,767.32","60,034.08","60,767.32",800,0.01,"4,490,900.00"
20/06/2023,"60,400.70","60,400.70","60,034.08","60,034.08",-300,0,"2,993,000.00"
19/06/2023,"60,767.32","61,042.28","60,125.73","60,309.04",-300,0,"3,279,400.00"
16/06/2023,"60,950.63","61,042.28","60,492.35","60,584.01",-200,0,"6,021,785.00"
15/06/2023,"61,683.87","61,775.52","60,675.66","60,767.32",-800,-0.01,"5,810,400.00"
14/06/2023,"62,050.49","62,508.77","61,500.56","61,500.56",-500,-0.01,"5,404,900.00"
13/06/2023,"62,417.11","62,600.42","61,867.18","61,958.83",-300,0,"4,973,400.00"
12/6/2023,"60,492.35","62,325.46","60,492.35","62,233.80","2,100.00",0.03,"5,471,300.00"
9/6/2023,"60,125.73","60,950.63","60,034.08","60,309.04",300,0,"2,080,200.00"
8/6/2023,"60,950.63","60,950.63","60,034.08","60,034.08",-700,-0.01,"5,180,900.00"
7/6/2023,"60,950.63","61,133.94","60,492.35","60,675.66",-200,0,"3,719,000.00"
6/6/2023,"61,317.25","61,317.25","60,492.35","60,858.97",-100,0,"3,423,000.00"
5/6/2023,"60,950.63","61,592.21","60,675.66","60,950.63",600,0.01,"3,323,000.00"
2/6/2023,"60,675.66","60,767.32","60,034.08","60,400.70",-200,0,"3,138,500.00"
1/6/2023,"60,584.01","60,950.63","60,492.35","60,584.01",0,0,"1,214,500.00"
31/05/2023,"61,225.59","61,225.59","60,584.01","60,584.01",-400,-0.01,"1,536,600.00"
30/05/2023,"61,500.56","61,775.52","60,950.63","60,950.63",-600,-0.01,"3,248,000.00"
29/05/2023,"61,683.87","62,050.49","61,500.56","61,500.56",0,0,"2,348,900.00"
26/05/2023,"61,775.52","62,325.46","61,500.56","61,500.56",0,0,"2,118,800.00"
25/05/2023,"60,675.66","61,867.18","60,492.35","61,500.56",800,0.01,"1,970,600.00"
24/05/2023,"61,500.56","61,775.52","60,584.01","60,767.32",-700,-0.01,"2,350,000.00"
23/05/2023,"62,325.46","62,692.08","61,408.90","61,408.90","-1,200.00",-0.02,"2,935,700.00"
22/05/2023,"62,967.04","63,242.01","62,508.77","62,508.77",-400,-0.01,"1,698,000.00"
19/05/2023,"63,608.63","63,700.28","62,875.39","62,875.39",-600,-0.01,"1,329,500.00"
18/05/2023,"63,242.01","64,158.56","62,783.73","63,425.32",200,0,"2,622,200.00"
17/05/2023,"63,883.59","63,883.59","63,058.70","63,242.01",-700,-0.01,"1,993,000.00"
16/05/2023,"63,242.01","63,883.59","63,242.01","63,883.59",700,0.01,"1,947,400.00"
15/05/2023,"64,066.90","64,066.90","63,242.01","63,242.01",-600,-0.01,"2,105,600.00"
12/5/2023,"64,525.18","64,525.18","63,700.28","63,791.94",-400,-0.01,"1,214,100.00"
11/5/2023,"64,616.83","64,983.45","64,158.56","64,158.56",-500,-0.01,"767,500.00"
10/5/2023,"64,891.80","65,166.76","64,616.83","64,616.83",-200,0,"1,451,601.00"
9/5/2023,"64,891.80","65,075.11","64,616.83","64,800.14",300,0,"2,985,200.00"
8/5/2023,"63,242.01","64,525.18","63,242.01","64,525.18","1,600.00",0.02,"1,897,300.00"
5/5/2023,"62,875.39","63,425.32","62,875.39","63,058.70",200,0,"1,786,200.00"
4/5/2023,"64,158.56","64,158.56","62,692.08","62,875.39","-1,400.00",-0.02,"3,172,800.00"
28/04/2023,"63,975.25","64,341.87","63,883.59","64,158.56",500,0.01,"2,136,300.00"
27/04/2023,"65,075.11","65,075.11","63,700.28","63,700.28","-1,500.00",-0.02,"1,369,100.00"
26/04/2023,"64,158.56","65,075.11","64,158.56","65,075.11","1,100.00",0.02,"5,145,618.00"
25/04/2023,"64,616.83","65,441.73","63,975.25","64,066.90",-600,-0.01,"1,370,200.00"
24/04/2023,"65,075.11","65,166.76","64,341.87","64,616.83",-400,-0.01,"1,851,900.00"
21/04/2023,"65,991.66","65,991.66","64,891.80","64,983.45","-1,000.00",-0.01,"1,643,300.00"
20/04/2023,"66,083.31","66,541.59","65,808.35","65,900.00",-100,0,"1,322,300.00"
19/04/2023,"66,999.86","66,999.86","65,991.66","65,991.66","-1,000.00",-0.01,"816,300.00"
18/04/2023,"65,808.35","66,908.21","65,808.35","66,908.21","1,300.00",0.02,"1,820,300.00"
17/04/2023,"66,724.90","66,816.55","65,716.69","65,716.69","-1,100.00",-0.02,"1,365,400.00"
14/04/2023,"67,458.14","67,549.79","66,724.90","66,724.90",-700,-0.01,"1,294,000.00"
13/04/2023,"68,099.73","68,191.38","67,366.48","67,366.48",-800,-0.01,"1,748,200.00"
12/4/2023,"68,191.38","68,191.38","67,824.76","68,099.73",-100,0,"979,100.00"
11/4/2023,"68,099.73","68,283.04","67,916.42","68,191.38",0,0,"782,800.00"
10/4/2023,"68,466.35","68,466.35","68,191.38","68,191.38",-300,0,"832,700.00"
7/4/2023,"68,191.38","68,466.35","68,099.73","68,466.35",400,0.01,"794,400.00"
6/4/2023,"68,191.38","68,374.69","68,099.73","68,099.73",-200,0,"967,300.00"
5/4/2023,"68,008.07","68,558.00","67,916.42","68,283.04",300,0,"963,400.00"
4/4/2023,"68,191.38","68,283.04","68,008.07","68,008.07",-200,0,"1,819,000.00"
3/4/2023,"68,374.69","68,649.66","68,008.07","68,191.38",0,0,"850,600.00"
31/03/2023,"68,741.31","69,107.93","68,191.38","68,191.38",-600,-0.01,"1,076,100.00"
30/03/2023,"68,466.35","69,107.93","68,374.69","68,741.31",100,0,"838,700.00"
29/03/2023,"68,466.35","68,649.66","68,191.38","68,649.66",500,0.01,"907,400.00"
28/03/2023,"68,283.04","69,016.28","68,191.38","68,191.38",-200,0,"1,650,000.00"
27/03/2023,"68,741.31","68,741.31","68,099.73","68,374.69",-400,-0.01,"1,461,500.00"
24/03/2023,"68,741.31","69,199.59","68,558.00","68,741.31",-300,0,"932,300.00"
23/03/2023,"68,099.73","69,016.28","67,824.76","69,016.28",900,0.01,"1,805,000.00"
22/03/2023,"68,374.69","68,466.35","68,191.38","68,191.38",0,0,"900,200.00"
21/03/2023,"68,191.38","68,832.97","68,008.07","68,191.38",100,0,"1,350,200.00"
20/03/2023,"68,741.31","68,741.31","67,916.42","68,099.73",-200,0,"1,609,600.00"
17/03/2023,"70,024.48","70,024.48","68,283.04","68,283.04","-1,900.00",-0.02,"2,512,800.00"
16/03/2023,"70,574.41","70,666.07","69,566.21","70,024.48",-700,-0.01,"1,895,200.00"
15/03/2023,"70,207.79","70,849.38","70,116.14","70,666.07",500,0.01,"2,040,200.00"
14/03/2023,"69,932.83","70,482.76","69,291.24","70,207.79",-300,0,"1,735,100.00"
13/03/2023,"70,391.10","70,666.07","70,207.79","70,482.76",0,0,"1,824,500.00"
10/3/2023,"70,116.14","70,757.72","69,749.52","70,482.76",400,0.01,"1,427,700.00"
9/3/2023,"69,841.17","70,666.07","69,841.17","70,116.14",0,0,"1,489,700.00"
8/3/2023,"68,924.62","70,116.14","68,741.31","70,116.14",700,0.01,"1,244,400.00"
7/3/2023,"69,566.21","69,841.17","69,199.59","69,474.55",800,0.01,"1,170,900.00"
6/3/2023,"69,657.86","70,207.79","68,741.31","68,741.31","-1,000.00",-0.01,"891,800.00"
3/3/2023,"68,741.31","70,391.10","68,741.31","69,657.86",-500,-0.01,"704,200.00"
2/3/2023,"70,482.76","70,482.76","69,749.52","70,116.14",-400,-0.01,"1,088,800.00"
1/3/2023,"68,832.97","70,574.41","68,741.31","70,482.76","1,400.00",0.02,"1,635,500.00"
28/02/2023,"69,199.59","69,566.21","68,832.97","69,199.59",300,0,"1,034,300.00"
27/02/2023,"68,466.35","69,566.21","67,824.76","68,924.62",500,0.01,"1,112,500.00"
24/02/2023,"69,382.90","69,657.86","68,283.04","68,466.35","-1,000.00",-0.01,"1,681,000.00"
23/02/2023,"69,199.59","70,482.76","68,191.38","69,382.90",200,0,"2,327,900.00"
22/02/2023,"69,932.83","70,299.45","69,199.59","69,199.59","-1,700.00",-0.02,"1,383,600.00"
21/02/2023,"71,032.69","71,124.34","70,299.45","70,757.72",-300,0,"888,300.00"
20/02/2023,"69,657.86","71,032.69","69,199.59","71,032.69","1,500.00",0.02,"1,385,300.00"
17/02/2023,"69,749.52","70,024.48","69,016.28","69,657.86",-500,-0.01,"943,900.00"
16/02/2023,"69,657.86","70,116.14","69,291.24","70,116.14",500,0.01,"691,300.00"
15/02/2023,"68,466.35","69,657.86","68,191.38","69,657.86","1,300.00",0.02,"1,443,500.00"
14/02/2023,"69,016.28","69,382.90","68,191.38","68,466.35",-600,-0.01,"1,193,500.00"
13/02/2023,"69,566.21","69,566.21","67,916.42","69,016.28",-600,-0.01,"1,637,632.00"
10/2/2023,"68,741.31","69,566.21","68,741.31","69,566.21",900,0.01,"1,236,100.00"
9/2/2023,"69,474.55","69,657.86","68,741.31","68,741.31",-800,-0.01,"1,619,600.00"
8/2/2023,"69,841.17","70,207.79","69,382.90","69,474.55",-300,0,"1,550,000.00"
7/2/2023,"71,124.34","71,124.34","69,749.52","69,749.52","-1,300.00",-0.02,"1,274,400.00"
6/2/2023,"69,566.21","71,032.69","69,566.21","70,941.03","1,400.00",0.02,"1,910,700.00"
3/2/2023,"70,574.41","70,666.07","69,566.21","69,657.86",-700,-0.01,"1,967,400.00"
2/2/2023,"70,941.03","71,032.69","70,299.45","70,299.45",-500,-0.01,"1,520,400.00"
1/2/2023,"71,216.00","71,307.65","70,482.76","70,757.72",100,0,"1,810,400.00"
31/01/2023,"72,590.82","72,865.79","70,482.76","70,666.07","-2,300.00",-0.03,"4,947,600.00"
30/01/2023,"73,324.06","73,324.06","72,774.13","72,774.13",-600,-0.01,"1,614,000.00"
27/01/2023,"74,607.24","75,065.51","72,957.44","73,324.06","-1,300.00",-0.02,"2,331,800.00"
19/01/2023,"74,057.31","74,698.89","73,324.06","74,515.58",0,0,"2,792,100.00"
18/01/2023,"74,148.96","74,698.89","73,965.65","74,515.58",400,0,"1,397,900.00"
17/01/2023,"73,507.38","74,240.62","72,774.13","74,148.96","1,500.00",0.02,"1,791,400.00"
16/01/2023,"73,874.00","74,057.31","72,774.13","72,774.13","-1,200.00",-0.01,"854,700.00"
13/01/2023,"73,507.38","74,332.27","73,415.72","73,874.00",600,0.01,"1,689,000.00"
12/1/2023,"73,232.41","73,507.38","72,682.48","73,324.06",600,0.01,"754,900.00"
11/1/2023,"74,240.62","74,790.55","72,774.13","72,774.13","-1,600.00",-0.02,"1,574,700.00"
10/1/2023,"74,148.96","74,698.89","73,874.00","74,240.62",300,0,"1,216,000.00"
9/1/2023,"73,232.41","73,965.65","72,957.44","73,965.65",900,0.01,"948,300.00"
6/1/2023,"74,240.62","74,423.93","72,957.44","73,140.75","-1,400.00",-0.02,"1,309,700.00"
5/1/2023,"72,682.48","74,607.24","72,407.51","74,423.93","1,900.00",0.02,"2,469,800.00"
4/1/2023,"72,132.55","72,682.48","72,040.89","72,682.48",800,0.01,"1,153,800.00"
3/1/2023,"70,116.14","71,949.24","69,841.17","71,949.24","2,400.00",0.03,"1,496,000.00"
30/12/2022,"71,490.96","71,490.96","69,749.52","69,749.52",-900,-0.01,"1,243,300.00"
29/12/2022,"70,941.03","71,674.27","70,574.41","70,574.41",,,"1,329,700.00"
28/12/2022,"70,299.45","71,490.96","70,207.79","70,574.41",,,"1,248,500.00"
27/12/2022,"70,391.10","71,490.96","69,657.86","70,207.79",,,"1,586,800.00"
26/12/2022,"70,024.48","71,124.34","69,566.21","69,657.86",,,"1,717,600.00"
23/12/2022,"70,666.07","71,674.27","69,841.17","69,841.17",,,"1,561,800.00"
22/12/2022,"72,682.48","72,865.79","70,574.41","70,574.41",,,"1,630,400.00"
21/12/2022,"71,765.93","72,576.33","71,585.84","71,765.93",,,"2,305,500.00"
20/12/2022,"69,604.85","71,765.93","69,244.67","70,865.48",,,"3,030,300.00"
19/12/2022,"70,685.39","70,685.39","69,334.71","69,334.71",,,"2,422,700.00"
16/12/2022,"69,965.03","70,955.52","69,874.98","70,235.16",,,"3,002,000.00"
15/12/2022,"69,784.94","71,315.70","69,604.85","69,874.98",,,"2,595,300.00"
14/12/2022,"71,495.79","71,495.79","69,784.94","69,784.94",,,"3,865,200.00"
13/12/2022,"70,775.43","71,495.79","69,514.80","70,235.16",,,"4,051,300.00"
12/12/2022,"72,306.20","73,746.92","70,595.34","70,685.39",,,"3,942,700.00"
9/12/2022,"72,936.51","73,656.88","72,036.06","72,036.06",,,"2,408,500.00"
8/12/2022,"74,737.42","75,637.87","72,936.51","72,936.51",,,"1,677,100.00"
7/12/2022,"74,737.42","75,908.00","73,656.88","74,287.19",,,"1,939,600.00"
6/12/2022,"76,538.32","76,628.36","74,287.19","74,287.19",,,"1,395,300.00"
5/12/2022,"75,727.91","77,078.59","75,727.91","76,538.32",,,"2,066,000.00"
2/12/2022,"74,107.10","75,637.87","73,836.97","75,637.87",,,"2,600,500.00"
1/12/2022,"73,476.79","74,647.37","73,476.79","74,197.15",,,"2,216,800.00"
30/11/2022,"74,737.42","74,737.42","73,386.74","74,557.33",,,"1,995,600.00"
29/11/2022,"73,206.65","75,007.55","72,486.29","74,737.42",,,"2,404,200.00"
28/11/2022,"73,836.97","75,097.60","73,566.83","73,566.83",,,"2,299,200.00"
25/11/2022,"73,206.65","74,467.28","72,936.51","74,017.06",,,"2,596,100.00"
24/11/2022,"71,135.61","73,116.60","71,045.57","73,116.60",,,"3,261,400.00"
23/11/2022,"71,585.84","71,765.93","70,505.30","71,495.79",,,"773,100.00"
22/11/2022,"69,784.94","72,216.15","69,694.89","71,585.84",,,"2,281,200.00"
21/11/2022,"69,334.71","70,145.12","69,244.67","70,145.12",,,"1,787,400.00"
18/11/2022,"69,334.71","70,055.07","68,164.13","69,334.71",,,"2,229,300.00"
17/11/2022,"69,154.62","70,505.30","67,623.85","68,434.26",,,"2,599,500.00"
16/11/2022,"67,984.04","70,955.52","66,453.27","67,083.58",,,"4,122,600.00"
15/11/2022,"71,135.61","71,495.79","68,884.49","69,334.71",,,"2,389,600.00"
14/11/2022,"70,235.16","73,836.97","68,524.31","71,135.61",,,"2,766,800.00"
11/11/2022,"71,045.57","72,396.24","70,595.34","70,595.34",,,"1,564,400.00"
10/11/2022,"72,846.47","72,936.51","69,334.71","70,595.34",,,"2,637,600.00"
9/11/2022,"73,836.97","74,017.06","72,036.06","72,846.47",,,"2,701,100.00"
8/11/2022,"74,017.06","74,197.15","71,675.88","74,197.15",,,"2,501,400.00"
7/11/2022,"72,126.11","74,017.06","72,036.06","74,017.06",,,"2,638,300.00"
4/11/2022,"71,946.02","72,936.51","70,235.16","72,036.06",,,"3,179,200.00"
3/11/2022,"70,235.16","72,666.38","70,235.16","72,036.06",,,"1,278,300.00"
2/11/2022,"72,216.15","72,306.20","70,505.30","70,505.30",,,"1,830,500.00"
1/11/2022,"70,685.39","74,287.19","70,685.39","72,216.15",,,"3,180,100.00"
31/10/2022,"69,965.03","70,685.39","69,604.85","70,685.39",,,"1,949,200.00"
28/10/2022,"70,685.39","70,775.43","69,965.03","70,235.16",,,"1,614,400.00"
27/10/2022,"68,434.26","70,685.39","68,434.26","70,685.39",,,"2,283,600.00"
26/10/2022,"68,434.26","68,794.44","68,074.08","68,434.26",,,"1,467,000.00"
25/10/2022,"66,723.40","69,154.62","66,723.40","68,434.26",,,"1,657,600.00"
24/10/2022,"69,514.80","69,514.80","66,633.36","66,633.36",,,"2,342,300.00"
21/10/2022,"69,784.94","70,595.34","68,884.49","69,334.71",,,"2,097,600.00"
20/10/2022,"68,974.53","69,784.94","68,254.17","69,784.94",,,"2,664,900.00"
19/10/2022,"68,524.31","69,154.62","68,524.31","68,974.53",,,"1,467,000.00"
18/10/2022,"67,533.81","69,334.71","67,263.67","68,884.49",,,"3,172,000.00"
17/10/2022,"66,453.27","67,623.85","66,363.22","66,723.40",,,"1,812,700.00"
14/10/2022,"66,633.36","67,083.58","66,363.22","66,633.36",,,"1,746,000.00"
13/10/2022,"63,932.01","66,453.27","63,751.92","66,453.27",,,"3,171,000.00"
12/10/2022,"63,481.78","64,562.32","63,121.60","64,472.28",,,"1,274,000.00"
11/10/2022,"63,481.78","64,382.23","62,671.38","63,211.65",,,"1,718,400.00"
10/10/2022,"61,680.88","64,382.23","60,690.38","63,481.78",,,"1,661,900.00"
7/10/2022,"62,401.24","64,202.14","59,879.98","62,851.47",,,"2,685,300.00"
6/10/2022,"64,202.14","64,292.19","63,031.56","63,031.56",,,"1,819,500.00"
5/10/2022,"63,932.01","64,832.46","63,932.01","64,472.28",,,"1,493,400.00"
4/10/2022,"64,652.37","64,652.37","63,031.56","63,841.96",,,"1,755,300.00"
3/10/2022,"64,742.41","65,282.68","63,932.01","63,932.01",,,"2,339,100.00"
30/09/2022,"64,742.41","66,003.04","64,742.41","65,102.59",,,"2,643,400.00"
29/09/2022,"65,642.86","66,183.13","65,012.55","65,462.77",,,"2,375,100.00"
28/09/2022,"64,832.46","65,732.91","63,841.96","64,652.37",,,"2,145,700.00"
27/09/2022,"67,083.58","67,443.76","65,102.59","65,192.64",,,"3,111,500.00"
26/09/2022,"68,254.17","68,614.35","66,363.22","66,633.36",,,"3,886,000.00"
23/09/2022,"69,334.71","69,604.85","68,884.49","69,064.58",,,"1,398,600.00"
22/09/2022,"68,974.53","69,424.76","68,434.26","69,244.67",,,"1,033,500.00"
21/09/2022,"68,164.13","69,874.98","68,074.08","69,244.67",,,"2,477,500.00"
20/09/2022,"67,803.95","68,614.35","67,803.95","68,254.17",,,"1,139,700.00"
19/09/2022,"68,074.08","68,164.13","67,443.76","67,713.90",,,"1,418,000.00"
16/09/2022,"67,263.67","68,434.26","66,993.54","68,434.26",,,"2,308,600.00"
15/09/2022,"66,723.40","67,713.90","66,723.40","67,083.58",,,"1,207,500.00"
14/09/2022,"67,443.76","67,533.81","66,453.27","66,633.36",,,"2,037,900.00"
13/09/2022,"67,713.90","68,434.26","67,713.90","68,164.13",,,"1,556,500.00"
12/9/2022,"68,434.26","68,614.35","67,803.95","67,803.95",,,"1,386,100.00"
9/9/2022,"68,344.22","68,884.49","67,984.04","68,344.22",,,"1,188,500.00"
8/9/2022,"68,434.26","68,884.49","67,713.90","68,164.13",,,"1,351,100.00"
7/9/2022,"70,055.07","70,055.07","68,164.13","68,164.13",,,"2,916,400.00"
6/9/2022,"69,784.94","71,135.61","69,604.85","70,055.07",,,"2,669,000.00"
5/9/2022,"67,984.04","70,055.07","67,984.04","69,784.94",,,"3,169,400.00"
31/08/2022,"68,344.22","68,794.44","67,984.04","67,984.04",,,"1,677,100.00"
30/08/2022,"67,984.04","68,794.44","67,984.04","68,434.26",,,"2,275,076.00"
29/08/2022,"68,524.31","68,704.40","67,893.99","67,984.04",,,"3,331,964.00"
26/08/2022,"70,055.07","70,325.21","68,614.35","69,244.67",,,"2,463,000.00"
25/08/2022,"70,145.12","70,505.30","69,334.71","70,145.12",,,"2,182,100.00"
24/08/2022,"68,254.17","70,505.30","68,254.17","69,965.03",,,"6,069,100.00"
23/08/2022,"66,363.22","68,344.22","66,273.18","68,254.17",,,"4,551,200.00"
22/08/2022,"66,723.40","67,353.72","66,363.22","66,363.22",,,"2,171,700.00"
19/08/2022,"66,093.09","67,083.58","65,642.86","66,723.40",,,"5,351,600.00"
18/08/2022,"65,372.73","66,273.18","65,372.73","66,093.09",,,"4,230,600.00"
17/08/2022,"64,652.37","65,372.73","64,562.32","65,372.73",,,"1,484,400.00"
16/08/2022,"64,652.37","65,192.64","64,562.32","64,652.37",,,"3,021,756.00"
15/08/2022,"64,832.46","64,832.46","64,202.14","64,382.23",,,"2,525,800.00"
12/8/2022,"63,932.01","64,742.41","63,932.01","64,742.41",,,"2,175,100.00"
11/8/2022,"65,372.73","65,372.73","63,661.87","64,022.05",,,"4,084,600.00"
10/8/2022,"64,832.46","65,372.73","64,832.46","65,282.68",,,"2,358,800.00"
9/8/2022,"65,012.55","65,192.64","64,832.46","64,832.46",,,"2,408,800.00"
8/8/2022,"65,282.68","65,282.68","64,922.50","65,012.55",,,"2,795,800.00"
5/8/2022,"66,003.04","66,093.09","65,372.73","65,372.73",,,"2,135,400.00"
4/8/2022,"66,093.09","66,093.09","65,552.82","66,003.04",,,"1,888,600.00"
3/8/2022,"65,552.82","66,183.13","65,282.68","66,093.09",,,"3,134,700.00"
2/8/2022,"66,093.09","66,813.45","65,462.77","66,093.09",,,"3,059,100.00"
1/8/2022,"65,552.82","66,183.13","65,012.55","66,183.13",,,"3,078,600.00"
29/07/2022,"65,462.77","66,273.18","65,192.64","65,552.82",,,"2,872,000.00"
28/07/2022,"65,282.68","65,552.82","65,102.59","65,372.73",,,"1,532,500.00"
27/07/2022,"64,832.46","65,372.73","64,652.37","65,012.55",,,"1,222,700.00"
26/07/2022,"65,642.86","65,732.91","64,652.37","64,832.46",,,"1,676,900.00"
25/07/2022,"64,832.46","65,642.86","64,652.37","65,642.86",,,"1,242,600.00"
22/07/2022,"65,913.00","65,913.00","64,832.46","64,832.46",,,"1,154,300.00"
21/07/2022,"65,282.68","66,273.18","65,012.55","65,913.00",,,"1,720,500.00"
20/07/2022,"65,913.00","66,273.18","65,552.82","65,732.91",,,"1,167,800.00"
19/07/2022,"64,832.46","65,642.86","64,472.28","65,552.82",,,"2,050,600.00"
18/07/2022,"64,832.46","65,012.55","64,382.23","64,562.32",,,"1,106,700.00"
15/07/2022,"65,192.64","65,732.91","64,472.28","64,472.28",,,"1,658,900.00"
14/07/2022,"65,102.59","65,913.00","65,012.55","65,192.64",,,"1,168,520.00"
13/07/2022,"65,913.00","66,273.18","65,192.64","65,282.68",,,"1,483,500.00"
12/7/2022,"65,732.91","66,543.31","65,372.73","66,003.04",,,"1,186,100.00"
11/7/2022,"65,012.55","67,263.67","64,832.46","65,732.91",,,"2,556,900.00"
8/7/2022,"65,732.91","66,003.04","65,282.68","65,732.91",,,"1,853,200.00"
7/7/2022,"63,661.87","65,732.91","63,031.56","65,732.91",,,"3,049,600.00"
6/7/2022,"63,932.01","64,382.23","62,581.33","63,661.87",,,"2,360,100.00"
5/7/2022,"65,531.45","65,618.47","63,529.82","63,616.85",,,"2,590,800.00"
4/7/2022,"64,400.09","65,966.58","64,226.04","65,357.39",,,"3,259,300.00"
1/7/2022,"62,920.63","64,313.07","62,659.55","64,139.01",,,"2,859,000.00"
30/06/2022,"62,920.63","65,096.31","62,833.60","62,833.60",,,"3,807,600.00"
29/06/2022,"61,441.17","63,268.74","61,441.17","62,920.63",,,"2,515,400.00"
28/06/2022,"61,441.17","63,268.74","61,006.03","61,615.22",,,"3,037,200.00"
27/06/2022,"62,485.50","62,746.58","61,180.09","61,876.31",,,"1,804,300.00"
24/06/2022,"61,789.28","63,442.79","61,702.25","62,224.41",,,"1,777,600.00"
23/06/2022,"61,441.17","62,659.55","60,919.01","61,528.20",,,"1,223,100.00"
22/06/2022,"63,616.85","63,877.93","61,441.17","61,441.17",,,"2,214,000.00"
21/06/2022,"60,222.79","64,226.04","59,874.68","64,139.01",,,"5,715,800.00"
20/06/2022,"57,786.03","60,657.93","57,786.03","60,048.74",,,"2,588,200.00"
17/06/2022,"58,221.17","59,700.63","56,741.70","58,047.11",,,"2,586,800.00"
16/06/2022,"56,654.68","59,439.55","56,567.65","59,178.46",,,"2,260,500.00"
15/06/2022,"57,524.95","57,873.06","56,132.51","56,132.51",,,"4,092,500.00"
14/06/2022,"57,002.79","58,743.33","56,915.76","57,524.95",,,"1,477,200.00"
13/06/2022,"59,526.57","59,526.57","57,611.98","57,786.03",,,"2,379,700.00"
10/6/2022,"60,919.01","61,093.06","60,483.87","60,483.87",,,"1,656,600.00"
9/6/2022,"61,789.28","61,876.31","61,093.06","61,093.06",,,"1,271,600.00"
8/6/2022,"61,528.20","62,137.39","61,528.20","61,789.28",,,"1,817,600.00"
7/6/2022,"61,180.09","61,528.20","60,919.01","61,441.17",,,"1,322,200.00"
6/6/2022,"61,093.06","61,963.33","60,919.01","61,615.22",,,"1,432,000.00"
3/6/2022,"61,789.28","62,050.36","60,919.01","61,180.09",,,"1,251,100.00"
2/6/2022,"62,659.55","62,659.55","61,615.22","61,876.31",,,"1,700,700.00"
1/6/2022,"62,224.41","63,181.71","62,050.36","62,572.52",,,"1,643,600.00"
31/05/2022,"62,746.58","63,007.66","62,398.47","62,398.47",,,"2,382,400.00"
30/05/2022,"63,442.79","63,442.79","62,659.55","63,094.69",,,"2,224,400.00"
27/05/2022,"62,050.36","63,790.90","61,528.20","63,529.82",,,"3,755,500.00"
26/05/2022,"62,572.52","62,572.52","61,528.20","62,050.36",,,"1,590,800.00"
25/05/2022,"59,961.71","62,920.63","59,961.71","62,572.52",,,"2,462,100.00"
24/05/2022,"58,047.11","59,961.71","57,873.06","59,961.71",,,"2,033,000.00"
23/05/2022,"59,613.60","59,787.65","57,611.98","57,699.00",,,"2,022,200.00"
20/05/2022,"60,048.74","60,831.98","59,178.46","59,265.49",,,"1,396,200.00"
19/05/2022,"60,483.87","60,919.01","60,048.74","60,048.74",,,"1,449,400.00"
18/05/2022,"60,919.01","61,354.14","60,483.87","61,180.09",,,"1,983,200.00"
17/05/2022,"57,089.81","60,919.01","56,741.70","60,919.01",,,"2,205,100.00"
16/05/2022,"57,960.08","58,830.36","57,176.84","57,263.87",,,"2,688,000.00"
13/05/2022,"58,308.19","59,004.41","57,350.89","57,524.95",,,"5,002,100.00"
12/5/2022,"60,744.95","60,744.95","57,873.06","57,873.06",,,"3,641,800.00"
11/5/2022,"61,441.17","61,876.31","60,483.87","60,483.87",,,"2,247,300.00"
10/5/2022,"60,919.01","62,572.52","60,919.01","61,441.17",,,"3,106,500.00"
9/5/2022,"61,093.06","62,224.41","60,570.90","60,919.01",,,"2,392,100.00"
6/5/2022,"62,137.39","62,311.44","60,483.87","61,093.06",,,"2,109,800.00"
5/5/2022,"63,703.88","63,703.88","62,224.41","62,746.58",,,"1,548,200.00"
4/5/2022,"64,574.15","64,748.20","63,094.69","63,094.69",,,"1,763,900.00"
29/04/2022,"64,748.20","65,270.36","64,400.09","64,574.15",,,"2,059,100.00"
28/04/2022,"65,183.34","65,183.34","64,226.04","64,661.17",,,"2,751,000.00"
27/04/2022,"65,444.42","65,966.58","64,139.01","65,270.36",,,"2,420,900.00"
26/04/2022,"63,964.96","66,140.64","61,702.25","66,053.61",,,"3,910,000.00"
25/04/2022,"66,140.64","66,401.72","63,529.82","63,964.96",,,"3,481,800.00"
22/04/2022,"65,879.55","66,575.77","65,705.50","66,053.61",,,"2,800,400.00"
21/04/2022,"65,531.45","66,575.77","65,270.36","65,270.36",,,"4,615,600.00"
20/04/2022,"66,140.64","66,749.83","65,792.53","65,792.53",,,"1,931,100.00"
19/04/2022,"67,097.93","67,620.10","66,140.64","66,140.64",,,"1,940,200.00"
18/04/2022,"66,575.77","67,794.15","66,488.74","67,010.91",,,"2,590,300.00"
15/04/2022,"66,575.77","67,533.07","66,140.64","66,575.77",,,"1,362,400.00"
14/04/2022,"67,446.04","67,881.18","66,401.72","66,401.72",,,"1,810,200.00"
13/04/2022,"66,836.85","68,316.32","66,749.83","67,184.96",,,"2,118,800.00"
12/4/2022,"67,271.99","67,707.13","66,575.77","66,836.85",,,"1,776,300.00"
8/4/2022,"68,316.32","68,838.48","67,271.99","67,271.99",,,"2,738,300.00"
7/4/2022,"69,534.70","69,621.72","68,316.32","68,316.32",,,"1,760,300.00"
6/4/2022,"69,621.72","70,666.05","68,838.48","69,012.53",,,"4,306,700.00"
5/4/2022,"71,188.21","71,188.21","69,969.83","69,969.83",,,"2,202,100.00"
4/4/2022,"71,362.27","71,797.40","70,927.13","71,536.32",,,"3,808,700.00"
1/4/2022,"70,491.99","71,971.46","69,882.80","71,101.18",,,"6,112,000.00"
31/03/2022,"66,314.69","70,491.99","66,140.64","70,404.97",,,"9,645,800.00"
30/03/2022,"65,705.50","66,662.80","65,357.39","66,314.69",,,"3,506,500.00"
29/03/2022,"63,964.96","65,705.50","63,964.96","65,705.50",,,"2,784,940.00"
28/03/2022,"65,531.45","65,792.53","63,877.93","63,877.93",,,"4,038,700.00"
25/03/2022,"65,792.53","65,966.58","65,357.39","65,444.42",,,"3,376,500.00"
24/03/2022,"66,140.64","66,227.66","65,444.42","65,792.53",,,"3,409,808.00"
23/03/2022,"66,836.85","67,010.91","66,053.61","66,227.66",,,"3,226,000.00"
22/03/2022,"67,794.15","67,794.15","66,836.85","66,923.88",,,"2,500,200.00"
21/03/2022,"66,140.64","67,794.15","66,140.64","67,533.07",,,"2,384,100.00"
18/03/2022,"66,662.80","67,010.91","66,140.64","66,140.64",,,"4,759,000.00"
17/03/2022,"67,533.07","67,707.13","66,488.74","66,488.74",,,"1,777,400.00"
16/03/2022,"67,184.96","67,881.18","67,010.91","67,271.99",,,"2,450,400.00"
15/03/2022,"67,010.91","67,446.04","66,401.72","67,184.96",,,"2,279,100.00"
14/03/2022,"67,881.18","67,881.18","66,923.88","67,184.96",,,"2,182,310.00"
11/3/2022,"67,184.96","68,316.32","67,097.93","67,881.18",,,"2,322,900.00"
10/3/2022,"66,140.64","67,794.15","66,140.64","67,097.93",,,"2,971,800.00"
9/3/2022,"66,140.64","66,836.85","65,270.36","65,357.39",,,"3,192,780.00"
8/3/2022,"66,401.72","66,575.77","66,140.64","66,227.66",,,"2,383,000.00"
7/3/2022,"67,794.15","67,794.15","66,749.83","66,836.85",,,"4,199,800.00"
4/3/2022,"68,229.29","68,229.29","67,707.13","67,794.15",,,"3,120,400.00"
3/3/2022,"68,490.37","68,751.45","68,055.23","68,229.29",,,"1,933,200.00"
2/3/2022,"68,925.51","68,925.51","67,881.18","68,316.32",,,"2,392,300.00"
1/3/2022,"68,229.29","69,099.56","68,055.23","68,925.51",,,"1,412,500.00"
28/02/2022,"68,664.42","68,751.45","67,707.13","68,229.29",,,"2,280,500.00"
25/02/2022,"68,751.45","69,186.59","68,664.42","68,664.42",,,"1,347,700.00"
24/02/2022,"69,621.72","69,621.72","68,316.32","68,403.34",,,"2,723,500.00"
23/02/2022,"69,621.72","70,056.86","69,447.67","69,621.72",,,"2,200,300.00"
22/02/2022,"70,404.97","70,491.99","69,360.64","69,621.72",,,"3,204,500.00"
21/02/2022,"70,404.97","71,014.16","70,404.97","70,491.99",,,"1,280,600.00"
18/02/2022,"69,708.75","70,317.94","69,708.75","70,143.89",,,"1,808,100.00"
17/02/2022,"70,056.86","70,666.05","69,969.83","70,317.94",,,"2,087,700.00"
16/02/2022,"70,666.05","70,753.08","69,882.80","69,969.83",,,"2,825,100.00"
15/02/2022,"70,579.02","70,927.13","70,491.99","70,666.05",,,"1,465,300.00"
14/02/2022,"70,927.13","71,362.27","70,491.99","70,579.02",,,"3,031,800.00"
11/2/2022,"71,797.40","71,884.43","71,275.24","71,362.27",,,"2,222,698.00"
10/2/2022,"72,058.48","72,493.62","71,623.35","71,971.46",,,"1,612,500.00"
9/2/2022,"71,362.27","72,841.73","71,362.27","72,058.48",,,"1,919,300.00"
8/2/2022,"72,580.65","72,667.67","71,362.27","71,362.27",,,"3,640,900.00"
7/2/2022,"72,406.59","73,102.81","72,145.51","72,667.67",,,"1,703,100.00"
28/01/2022,"72,232.54","73,276.86","72,058.48","72,319.56",,,"2,971,300.00"
27/01/2022,"69,708.75","72,580.65","69,708.75","72,319.56",,,"2,039,000.00"
26/01/2022,"69,012.53","70,056.86","69,012.53","69,360.64",,,"1,452,100.00"
25/01/2022,"70,056.86","70,491.99","68,838.48","68,925.51",,,"3,922,100.00"
24/01/2022,"71,884.43","71,971.46","70,491.99","70,491.99",,,"2,442,120.00"
21/01/2022,"72,232.54","72,493.62","71,797.40","71,884.43",,,"1,796,400.00"
20/01/2022,"72,232.54","72,493.62","72,145.51","72,232.54",,,"1,488,400.00"
19/01/2022,"72,145.51","72,667.67","71,971.46","72,580.65",,,"2,064,900.00"
18/01/2022,"72,145.51","72,667.67","71,884.43","72,580.65",,,"2,100,400.00"
17/01/2022,"73,973.08","73,973.08","72,145.51","72,145.51",,,"2,100,400.00"
14/01/2022,"72,319.56","74,060.11","71,971.46","73,712.00",,,"2,760,800.00"
13/01/2022,"72,580.65","72,841.73","72,145.51","72,319.56",,,"2,109,000.00"
12/1/2022,"72,928.75","72,928.75","71,971.46","72,319.56",,,"2,322,300.00"
11/1/2022,"72,754.70","73,102.81","72,667.67","72,841.73",,,"1,972,400.00"
10/1/2022,"73,799.03","73,973.08","72,667.67","72,841.73",,,"2,246,400.00"
7/1/2022,"73,014.35","73,271.14","72,757.56","72,928.75",,,"2,593,984.00"
6/1/2022,"73,699.13","73,699.13","73,014.35","73,099.95",,,"2,991,600.00"
5/1/2022,"74,298.31","74,469.50","73,613.53","73,784.73",,,"3,272,000.00"
4/1/2022,"74,640.70","74,811.89","74,212.71","74,212.71",,,"1,994,600.00"
31/12/2021,"73,185.55","74,897.49","73,014.35","73,955.92",,,"2,468,500.00"
30/12/2021,"73,014.35","73,271.14","72,843.16","73,014.35",,,"1,040,500.00"
29/12/2021,"73,185.55","73,271.14","72,843.16","72,928.75",,,"965,400.00"
28/12/2021,"73,784.73","73,784.73","72,928.75","73,185.55",,,"1,937,800.00"
27/12/2021,"73,613.53","73,955.92","73,356.74","73,699.13",,,"1,285,700.00"
24/12/2021,"72,500.77","73,613.53","72,500.77","73,613.53",,,"1,428,400.00"
23/12/2021,"73,099.95","73,099.95","72,329.57","72,500.77",,,"2,618,900.00"
22/12/2021,"73,356.74","73,784.73","73,014.35","73,099.95",,,"1,991,800.00"
21/12/2021,"73,442.34","73,613.53","73,185.55","73,185.55",,,"1,831,900.00"
20/12/2021,"73,613.53","73,870.32","73,271.14","73,356.74",,,"2,194,400.00"
17/12/2021,"74,127.11","74,212.71","73,356.74","73,356.74",,,"2,949,600.00"
16/12/2021,"73,870.32","74,127.11","73,613.53","74,127.11",,,"1,610,300.00"
15/12/2021,"73,955.92","74,212.71","73,870.32","73,870.32",,,"1,602,500.00"
14/12/2021,"73,955.92","74,383.91","73,784.73","73,870.32",,,"2,175,600.00"
13/12/2021,"73,870.32","74,298.31","73,613.53","73,955.92",,,"1,832,316.00"
10/12/2021,"74,041.52","74,469.50","73,442.34","73,870.32",,,"1,730,000.00"
9/12/2021,"73,527.93","74,555.10","73,356.74","74,469.50",,,"2,126,800.00"
8/12/2021,"73,870.32","74,041.52","73,356.74","73,613.53",,,"2,106,023.00"
7/12/2021,"73,442.34","74,041.52","73,099.95","74,041.52",,,"1,932,000.00"
6/12/2021,"73,613.53","74,127.11","73,014.35","73,014.35",,,"3,168,200.00"
3/12/2021,"74,983.09","75,325.47","73,442.34","73,442.34",,,"3,584,600.00"
2/12/2021,"74,897.49","75,325.47","74,811.89","74,811.89",,,"1,820,400.00"
1/12/2021,"75,325.47","75,839.06","74,811.89","74,897.49",,,"2,786,600.00"
30/11/2021,"74,983.09","76,010.25","74,983.09","74,983.09",,,"3,443,400.00"
29/11/2021,"75,154.28","75,239.88","74,640.70","74,897.49",,,"2,855,900.00"
26/11/2021,"74,983.09","76,010.25","74,897.49","75,582.27",,,"3,015,700.00"
25/11/2021,"74,897.49","75,496.67","74,640.70","74,897.49",,,"2,345,400.00"
24/11/2021,"74,041.52","74,897.49","74,041.52","74,897.49",,,"2,124,500.00"
23/11/2021,"74,041.52","74,212.71","73,613.53","73,870.32",,,"2,439,371.00"
22/11/2021,"73,613.53","74,041.52","73,527.93","73,784.73",,,"3,495,500.00"
19/11/2021,"75,325.47","75,667.86","73,613.53","73,699.13",,,"5,151,200.00"
18/11/2021,"76,010.25","76,010.25","75,325.47","75,325.47",,,"3,900,000.00"
17/11/2021,"75,839.06","76,695.03","75,839.06","76,010.25",,,"3,074,400.00"
16/11/2021,"76,181.45","76,438.24","75,753.46","75,839.06",,,"3,251,700.00"
15/11/2021,"76,609.43","76,695.03","76,181.45","76,181.45",,,"3,268,000.00"
12/11/2021,"77,037.42","77,123.01","76,267.04","76,438.24",,,"2,119,600.00"
11/11/2021,"76,866.22","77,379.80","76,438.24","76,695.03",,,"3,460,600.00"
10/11/2021,"77,037.42","77,123.01","76,438.24","76,780.63",,,"2,666,100.00"
9/11/2021,"77,893.39","77,978.98","76,780.63","76,866.22",,,"3,744,600.00"
8/11/2021,"76,780.63","77,978.98","76,695.03","77,722.19",,,"6,365,200.00"
5/11/2021,"75,839.06","76,523.83","75,753.46","76,352.64",,,"3,448,400.00"
4/11/2021,"75,667.86","75,924.65","75,411.07","75,667.86",,,"2,513,000.00"
3/11/2021,"76,267.04","76,609.43","75,496.67","75,496.67",,,"6,312,000.00"
2/11/2021,"77,037.42","77,037.42","76,181.45","76,352.64",,,"4,888,900.00"
1/11/2021,"77,722.19","78,150.18","76,866.22","77,037.42",,,"5,083,800.00"
29/10/2021,"77,551.00","77,893.39","77,294.21","77,636.60",,,"4,603,700.00"
28/10/2021,"77,465.40","78,321.37","77,465.40","77,551.00",,,"4,966,000.00"
27/10/2021,"77,037.42","77,551.00","76,780.63","77,379.80",,,"3,726,500.00"
26/10/2021,"77,037.42","77,208.61","76,523.83","76,695.03",,,"1,641,200.00"
25/10/2021,"77,465.40","77,551.00","76,951.82","77,123.01",,,"3,874,500.00"
22/10/2021,"76,609.43","77,465.40","76,352.64","77,465.40",,,"4,510,000.00"
21/10/2021,"77,037.42","77,123.01","76,267.04","76,267.04",,,"4,036,500.00"
20/10/2021,"77,379.80","77,551.00","76,181.45","77,037.42",,,"5,975,224.00"
19/10/2021,"76,866.22","77,465.40","76,866.22","77,294.21",,,"7,011,854.00"
18/10/2021,"77,037.42","77,123.01","76,352.64","76,866.22",,,"3,173,092.00"
15/10/2021,"77,037.42","77,636.60","76,695.03","77,037.42",,,"3,828,200.00"
14/10/2021,"77,208.61","77,465.40","76,695.03","77,037.42",,,"2,351,000.00"
13/10/2021,"77,893.39","78,150.18","77,037.42","77,123.01",,,"3,859,700.00"
12/10/2021,"77,379.80","78,150.18","77,123.01","77,379.80",,,"3,784,200.00"
11/10/2021,"77,037.42","77,379.80","76,609.43","77,037.42",,,"2,629,400.00"
8/10/2021,"76,095.85","77,037.42","75,924.65","76,695.03",,,"2,641,000.00"
7/10/2021,"76,438.24","76,523.83","76,010.25","76,010.25",,,"3,126,400.00"
6/10/2021,"76,695.03","77,123.01","76,352.64","76,438.24",,,"2,808,500.00"
5/10/2021,"77,294.21","77,294.21","76,695.03","76,695.03",,,"2,268,000.00"
4/10/2021,"77,465.40","77,978.98","77,123.01","77,208.61",,,"3,060,200.00"
1/10/2021,"76,438.24","77,379.80","76,267.04","76,866.22",,,"5,855,255.00"
30/09/2021,"76,951.82","77,636.60","76,695.03","76,695.03",,,"4,183,200.00"
29/09/2021,"76,438.24","77,123.01","75,924.65","76,695.03",,,"2,763,400.00"
28/09/2021,"76,010.25","76,951.82","75,325.47","76,438.24",,,"3,839,280.00"
27/09/2021,"77,551.00","78,235.78","76,010.25","76,010.25",,,"5,053,900.00"
24/09/2021,"77,893.39","78,235.78","77,465.40","77,636.60",,,"2,990,000.00"
23/09/2021,"78,321.37","79,091.75","77,379.80","77,722.19",,,"5,097,500.00"
22/09/2021,"75,753.46","78,492.57","75,753.46","78,321.37",,,"10,310,100.00"
21/09/2021,"75,325.47","76,095.85","75,068.68","76,010.25",,,"3,096,300.00"
20/09/2021,"74,983.09","76,267.04","74,726.29","75,924.65",,,"5,787,700.00"
17/09/2021,"73,955.92","75,667.86","73,870.32","74,041.52",,,"5,292,600.00"
16/09/2021,"74,041.52","74,041.52","73,527.93","73,955.92",,,"3,968,400.00"
15/09/2021,"74,298.31","74,298.31","73,699.13","73,699.13",,,"3,424,700.00"
14/09/2021,"74,640.70","74,726.29","74,127.11","74,469.50",,,"3,007,900.00"
13/09/2021,"74,041.52","74,811.89","73,870.32","74,640.70",,,"2,956,200.00"
10/9/2021,"72,928.75","74,469.50","72,757.56","74,041.52",,,"6,288,900.00"
9/9/2021,"73,099.95","73,185.55","72,757.56","72,928.75",,,"2,452,400.00"
8/9/2021,"73,870.32","73,870.32","73,014.35","73,099.95",,,"4,068,200.00"
7/9/2021,"75,154.28","75,154.28","73,870.32","73,870.32",,,"2,808,200.00"
6/9/2021,"74,298.31","74,719.02","74,214.17","74,298.31",,,"3,512,200.00"
1/9/2021,"73,541.02","74,719.02","73,372.73","74,130.02",,,"3,530,100.00"
31/08/2021,"73,625.16","73,709.31","73,288.59","73,541.02",,,"3,857,200.00"
30/08/2021,"73,288.59","73,709.31","73,204.45","73,541.02",,,"4,680,364.00"
27/08/2021,"73,541.02","73,625.16","72,952.02","73,204.45",,,"4,096,900.00"
26/08/2021,"73,120.31","73,793.45","72,952.02","73,204.45",,,"1,976,000.00"
25/08/2021,"72,699.59","73,288.59","72,363.02","73,120.31",,,"1,982,500.00"
24/08/2021,"72,447.16","73,204.45","72,110.59","72,615.45",,,"4,125,700.00"
23/08/2021,"73,793.45","73,877.59","72,363.02","72,363.02",,,"4,416,500.00"
20/08/2021,"75,981.17","75,981.17","73,204.45","73,877.59",,,"4,326,800.00"
19/08/2021,"76,149.46","76,149.46","75,560.45","75,981.17",,,"3,256,300.00"
18/08/2021,"75,308.02","76,486.03","75,223.88","75,728.74",,,"4,710,100.00"
17/08/2021,"75,392.17","75,812.88","74,971.45","75,139.74",,,"2,612,200.00"
16/08/2021,"75,644.60","76,233.60","74,887.31","75,308.02",,,"3,380,800.00"
13/08/2021,"76,065.31","76,149.46","75,055.60","75,644.60",,,"4,105,500.00"
12/8/2021,"76,401.88","76,990.89","75,981.17","76,149.46",,,"4,581,540.00"
11/8/2021,"75,644.60","76,906.74","75,560.45","76,486.03",,,"5,440,400.00"
10/8/2021,"74,045.88","75,728.74","74,045.88","75,223.88",,,"6,223,200.00"
9/8/2021,"73,372.73","73,961.74","73,204.45","73,793.45",,,"3,850,700.00"
6/8/2021,"73,120.31","74,382.45","72,867.88","73,372.73",,,"4,260,600.00"
5/8/2021,"73,120.31","73,288.59","72,867.88","72,867.88",,,"3,896,800.00"
4/8/2021,"73,625.16","73,625.16","73,204.45","73,288.59",,,"3,086,500.00"
3/8/2021,"72,867.88","73,625.16","72,867.88","73,288.59",,,"3,014,600.00"
2/8/2021,"72,531.30","73,120.31","72,363.02","72,783.73",,,"2,794,300.00"
30/07/2021,"73,036.16","73,372.73","72,278.88","72,447.16",,,"4,405,200.00"
29/07/2021,"73,204.45","73,793.45","72,363.02","73,036.16",,,"2,648,300.00"
28/07/2021,"73,288.59","73,541.02","72,867.88","73,120.31",,,"1,775,500.00"
27/07/2021,"74,803.17","75,308.02","73,625.16","73,625.16",,,"2,388,200.00"
26/07/2021,"74,045.88","75,055.60","73,961.74","74,803.17",,,"2,791,500.00"
23/07/2021,"73,036.16","75,560.45","72,447.16","73,709.31",,,"4,558,600.00"
22/07/2021,"71,942.30","73,288.59","71,774.02","73,036.16",,,"2,152,400.00"
21/07/2021,"71,858.16","72,278.88","71,689.87","71,774.02",,,"1,996,200.00"
20/07/2021,"71,521.59","72,363.02","70,932.59","72,278.88",,,"3,352,000.00"
19/07/2021,"71,016.73","71,521.59","70,680.16","71,521.59",,,"4,111,700.00"
16/07/2021,"71,942.30","72,531.30","71,774.02","72,278.88",,,"1,449,600.00"
15/07/2021,"71,521.59","72,615.45","71,100.87","71,689.87",,,"3,394,100.00"
14/07/2021,"71,521.59","72,110.59","70,932.59","71,521.59",,,"4,410,200.00"
13/07/2021,"72,447.16","72,783.73","70,848.44","70,932.59",,,"2,883,300.00"
12/7/2021,"73,625.16","74,045.88","70,932.59","72,615.45",,,"4,833,100.00"
9/7/2021,"74,298.31","74,382.45","73,120.31","73,204.45",,,"3,224,100.00"
8/7/2021,"74,214.17","75,223.88","74,045.88","74,382.45",,,"1,908,900.00"
7/7/2021,"73,204.45","75,560.45","72,867.88","75,560.45",,,"4,738,700.00"
6/7/2021,"75,223.88","75,560.45","73,204.45","73,204.45",,,"4,816,900.00"
5/7/2021,"75,812.88","76,065.31","74,550.74","75,055.60",,,"2,988,000.00"
2/7/2021,"76,570.17","76,570.17","75,812.88","75,812.88",,,"2,750,900.00"
1/7/2021,"76,233.60","76,822.60","76,065.31","76,486.03",,,"3,841,500.00"
30/06/2021,"76,570.17","76,654.31","75,897.03","76,065.31",,,"2,465,780.00"
29/06/2021,"75,560.45","77,159.17","74,887.31","76,570.17",,,"4,368,100.00"
28/06/2021,"75,728.74","75,897.03","74,887.31","75,055.60",,,"1,937,900.00"
25/06/2021,"74,634.88","75,644.60","74,634.88","75,476.31",,,"2,136,300.00"
24/06/2021,"75,644.60","75,897.03","74,298.31","74,634.88",,,"4,245,024.00"
23/06/2021,"76,233.60","76,401.88","75,476.31","75,728.74",,,"3,480,300.00"
22/06/2021,"76,570.17","76,990.89","76,233.60","76,233.60",,,"2,998,300.00"
21/06/2021,"77,411.60","77,495.74","76,233.60","76,233.60",,,"4,313,600.00"
18/06/2021,"76,906.74","78,000.60","76,906.74","77,495.74",,,"5,024,894.00"
17/06/2021,"76,570.17","77,579.89","76,401.88","76,570.17",,,"4,261,700.00"
16/06/2021,"78,000.60","78,253.03","76,822.60","77,243.31",,,"3,541,200.00"
15/06/2021,"77,916.46","78,421.32","77,495.74","78,168.89",,,"4,711,500.00"
14/06/2021,"77,832.32","78,673.75","76,990.89","77,832.32",,,"5,084,100.00"
11/6/2021,"77,579.89","77,832.32","76,738.46","77,411.60",,,"2,992,800.00"
10/6/2021,"75,223.88","78,757.89","74,550.74","77,579.89",,,"6,119,300.00"
9/6/2021,"75,560.45","75,812.88","74,719.02","74,971.45",,,"4,200,600.00"
8/6/2021,"75,308.02","76,822.60","75,223.88","75,476.31",,,"5,836,400.00"
7/6/2021,"75,308.02","75,392.17","74,045.88","75,223.88",,,"3,736,600.00"
4/6/2021,"75,047.32","75,629.08","74,050.02","74,382.45",,,"4,704,600.00"
3/6/2021,"74,798.00","75,462.87","74,631.78","74,964.21",,,"3,629,000.00"
2/6/2021,"74,465.56","74,465.56","73,966.91","74,299.34",,,"3,672,400.00"
1/6/2021,"75,213.54","75,379.76","74,714.89","74,714.89",,,"2,339,900.00"
31/05/2021,"76,293.96","76,460.17","74,964.21","75,213.54",,,"3,355,991.00"
28/05/2021,"75,629.08","76,210.85","75,130.43","75,712.19",,,"3,122,200.00"
27/05/2021,"75,961.52","76,127.74","74,798.00","75,213.54",,,"3,492,100.00"
26/05/2021,"74,798.00","76,377.06","74,216.23","75,629.08",,,"3,933,300.00"
25/05/2021,"75,795.30","75,795.30","74,798.00","75,213.54",,,"2,993,000.00"
24/05/2021,"74,798.00","76,377.06","74,382.45","75,795.30",,,"4,349,800.00"
21/05/2021,"73,052.71","75,462.87","72,387.84","74,133.12",,,"5,267,800.00"
20/05/2021,"73,052.71","73,218.93","72,304.73","73,135.82",,,"2,844,700.00"
19/05/2021,"72,969.60","73,966.91","72,387.84","72,720.27",,,"4,026,307.00"
18/05/2021,"72,720.27","73,135.82","72,138.51","72,304.73",,,"2,970,100.00"
17/05/2021,"74,382.45","74,798.00","72,470.95","72,470.95",,,"5,001,300.00"
14/05/2021,"75,712.19","75,795.30","74,382.45","74,382.45",,,"4,650,800.00"
13/05/2021,"75,629.08","76,210.85","75,213.54","75,213.54",,,"3,118,400.00"
12/5/2021,"74,881.10","76,626.39","74,798.00","76,293.96",,,"3,199,300.00"
11/5/2021,"77,706.81","78,537.90","75,795.30","75,795.30",,,"4,282,000.00"
10/5/2021,"72,304.73","77,291.26","71,556.75","77,291.26",,,"8,426,900.00"
7/5/2021,"73,966.91","74,133.12","72,138.51","72,304.73",,,"7,343,000.00"
6/5/2021,"76,460.17","76,460.17","74,465.56","74,465.56",,,"7,844,900.00"
5/5/2021,"76,127.74","77,291.26","76,127.74","76,460.17",,,"4,562,900.00"
4/5/2021,"77,291.26","77,291.26","76,044.63","76,127.74",,,"4,182,856.00"
29/04/2021,"77,873.02","78,288.57","76,044.63","77,706.81",,,"6,799,700.00"
28/04/2021,"79,535.20","79,618.31","77,706.81","77,873.02",,,"6,099,900.00"
27/04/2021,"79,784.53","80,200.07","78,953.44","79,535.20",,,"5,620,300.00"
26/04/2021,"80,615.62","82,277.80","79,784.53","79,784.53",,,"6,277,314.00"
23/04/2021,"81,446.71","83,025.78","80,449.40","82,693.34",,,"4,018,900.00"
22/04/2021,"82,527.12","82,693.34","80,615.62","81,446.71",,,"3,567,300.00"
20/04/2021,"80,615.62","83,939.97","80,532.51","82,527.12",,,"7,007,238.00"
19/04/2021,"80,532.51","81,031.16","79,036.55","79,867.64",,,"6,512,860.00"
16/04/2021,"81,945.36","82,028.47","80,116.96","80,532.51",,,"4,986,400.00"
15/04/2021,"82,776.45","83,524.43","82,194.69","82,360.90",,,"4,099,500.00"
14/04/2021,"83,108.88","83,108.88","82,194.69","82,527.12",,,"4,017,400.00"
13/04/2021,"83,773.76","84,521.74","82,859.56","83,108.88",,,"4,546,300.00"
12/4/2021,"83,108.88","83,358.21","82,693.34","83,108.88",,,"3,882,400.00"
9/4/2021,"83,025.78","83,108.88","82,444.01","82,942.67",,,"2,736,700.00"
8/4/2021,"83,441.32","83,524.43","82,610.23","83,025.78",,,"3,806,200.00"
7/4/2021,"83,939.97","83,939.97","83,108.88","83,191.99",,,"3,644,300.00"
6/4/2021,"85,269.72","85,352.82","83,773.76","84,355.52",,,"3,535,900.00"
5/4/2021,"86,848.78","86,848.78","84,937.28","85,269.72",,,"2,822,700.00"
2/4/2021,"85,186.61","86,433.24","84,854.17","85,352.82",,,"3,840,000.00"
1/4/2021,"81,862.25","83,939.97","81,446.71","83,939.97",,,"6,239,900.00"
31/03/2021,"82,360.90","82,360.90","81,446.71","81,779.14",,,"2,870,400.00"
30/03/2021,"82,776.45","83,191.99","81,945.36","82,444.01",,,"4,425,400.00"
29/03/2021,"81,529.82","83,025.78","81,280.49","82,277.80",,,"2,995,300.00"
26/03/2021,"81,446.71","81,862.25","80,283.18","80,948.05",,,"3,920,000.00"
25/03/2021,"82,277.80","82,859.56","81,696.03","81,862.25",,,"3,256,800.00"
24/03/2021,"82,776.45","83,108.88","81,862.25","82,028.47",,,"3,285,809.00"
23/03/2021,"83,607.54","83,690.65","82,859.56","83,275.10",,,"4,554,300.00"
22/03/2021,"84,521.74","84,604.84","83,607.54","83,773.76",,,"3,516,331.00"
19/03/2021,"84,937.28","84,937.28","84,272.41","84,521.74",,,"3,884,100.00"
18/03/2021,"83,939.97","85,186.61","83,939.97","85,186.61",,,"2,608,900.00"
17/03/2021,"83,939.97","83,939.97","83,191.99","83,524.43",,,"3,568,400.00"
16/03/2021,"84,937.28","85,020.39","83,191.99","83,939.97",,,"4,314,700.00"
15/03/2021,"85,435.93","85,602.15","84,854.17","84,937.28",,,"2,513,500.00"
12/3/2021,"85,602.15","85,851.48","84,521.74","84,937.28",,,"2,744,694.00"
11/3/2021,"85,186.61","86,267.02","84,854.17","85,435.93",,,"2,417,000.00"
10/3/2021,"83,524.43","85,186.61","82,942.67","84,023.08",,,"3,391,300.00"
9/3/2021,"84,023.08","84,355.52","83,275.10","83,524.43",,,"4,141,900.00"
8/3/2021,"85,934.59","86,100.80","84,521.74","84,937.28",,,"3,250,400.00"
5/3/2021,"85,685.26","85,685.26","84,521.74","85,602.15",,,"4,187,600.00"
4/3/2021,"87,430.55","87,679.87","85,602.15","85,934.59",,,"2,873,500.00"
3/3/2021,"87,098.11","87,181.22","86,433.24","86,848.78",,,"2,897,900.00"
2/3/2021,"88,261.63","88,510.96","86,433.24","87,181.22",,,"3,258,667.00"
1/3/2021,"87,679.87","88,012.31","87,264.33","87,762.98",,,"2,400,600.00"
26/02/2021,"86,100.80","87,181.22","85,934.59","87,098.11",,,"3,915,500.00"
25/02/2021,"88,012.31","88,344.74","86,599.46","86,931.89",,,"4,577,900.00"
24/02/2021,"88,926.51","89,674.49","87,679.87","87,929.20",,,"2,836,000.00"
23/02/2021,"89,342.05","89,757.59","88,261.63","88,926.51",,,"3,853,200.00"
22/02/2021,"89,258.94","89,591.38","89,175.83","89,342.05",,,"3,411,640.00"
19/02/2021,"89,591.38","90,006.92","89,009.61","89,757.59",,,"3,082,700.00"
18/02/2021,"90,339.36","90,588.68","89,342.05","90,588.68",,,"2,892,900.00"
17/02/2021,"89,757.59","90,505.57","89,175.83","90,339.36",,,"3,317,200.00"
9/2/2021,"87,513.66","90,505.57","87,181.22","89,757.59",,,"3,574,200.00"
8/2/2021,"91,087.34","91,087.34","86,267.02","87,513.66",,,"5,256,400.00"
5/2/2021,"90,256.25","91,419.77","90,256.25","91,087.34",,,"2,862,700.00"
4/2/2021,"91,170.45","91,170.45","88,926.51","90,422.47",,,"1,924,400.00"
3/2/2021,"88,427.85","91,170.45","88,427.85","91,170.45",,,"3,056,500.00"
2/2/2021,"85,020.39","88,926.51","85,020.39","88,427.85",,,"4,482,400.00"
1/2/2021,"85,602.15","87,430.55","84,771.06","85,352.82",,,"3,831,700.00"
29/01/2021,"79,784.53","85,435.93","79,784.53","85,435.93",,,"4,409,922.00"
28/01/2021,"83,108.88","84,687.95","79,867.64","79,867.64",,,"4,895,300.00"
27/01/2021,"88,095.42","88,760.29","85,186.61","85,851.48",,,"3,425,400.00"
26/01/2021,"89,840.70","90,173.14","87,264.33","88,677.18",,,"2,669,200.00"
25/01/2021,"90,505.57","91,170.45","89,757.59","89,923.81",,,"2,554,800.00"
22/01/2021,"91,585.99","92,084.64","90,339.36","90,339.36",,,"2,729,000.00"
21/01/2021,"91,336.66","92,001.53","90,422.47","91,669.10",,,"3,033,700.00"
20/01/2021,"90,422.47","91,004.23","88,095.42","90,588.68",,,"3,783,300.00"
19/01/2021,"94,162.37","94,162.37","88,926.51","89,508.27",,,"4,420,372.00"
18/01/2021,"94,910.35","95,658.33","94,162.37","94,162.37",,,"2,674,000.00"
15/01/2021,"94,328.58","95,824.54","93,996.15","94,661.02",,,"2,125,700.00"
14/01/2021,"95,076.56","95,076.56","93,580.60","93,996.15",,,"3,846,800.00"
13/01/2021,"96,655.63","97,403.61","94,910.35","95,159.67",,,"2,685,600.00"
12/1/2021,"96,821.85","96,988.07","95,907.65","96,655.63",,,"2,544,400.00"
11/1/2021,"93,497.49","96,406.31","93,497.49","96,323.20",,,"4,661,500.00"
8/1/2021,"92,666.41","93,829.93","92,167.75","93,081.95",,,"3,674,500.00"
7/1/2021,"91,419.77","92,084.64","91,253.55","91,752.21",,,"2,897,900.00"
6/1/2021,"92,250.86","92,500.19","91,253.55","91,253.55",,,"2,923,100.00"
5/1/2021,"90,505.57","93,081.95","90,090.03","92,084.64",,,"4,033,900.00"
4/1/2021,"90,336.32","90,418.66","89,759.88","90,006.92",,,"2,319,654.00"
31/12/2020,"89,759.88","90,501.01","89,595.18","89,595.18",,,"1,193,810.00"
30/12/2020,"89,924.57","90,748.06","89,430.48","89,595.18",,,"2,386,200.00"
29/12/2020,"89,759.88","90,089.27","89,430.48","89,924.57",,,"1,299,700.00"
28/12/2020,"89,842.22","90,336.32","89,183.44","89,512.83",,,"2,305,300.00"
25/12/2020,"89,595.18","89,842.22","89,018.74","89,759.88",,,"1,803,510.00"
24/12/2020,"90,748.06","90,995.10","88,936.39","89,512.83",,,"2,511,360.00"
23/12/2020,"90,501.01","91,736.24","90,501.01","90,748.06",,,"2,624,593.00"
22/12/2020,"91,324.50","91,324.50","90,418.66","90,501.01",,,"2,497,600.00"
21/12/2020,"90,912.76","91,736.24","90,748.06","91,406.85",,,"2,385,080.00"
18/12/2020,"90,995.10","91,406.85","90,583.36","90,912.76",,,"3,500,120.00"
17/12/2020,"91,406.85","91,406.85","90,830.41","90,912.76",,,"2,978,670.00"
16/12/2020,"91,571.54","92,477.38","91,159.80","91,900.94",,,"2,269,330.00"
15/12/2020,"93,053.82","93,300.86","91,242.15","91,571.54",,,"4,572,910.00"
14/12/2020,"92,889.12","93,383.21","92,559.73","93,383.21",,,"2,605,300.00"
11/12/2020,"92,230.33","92,889.12","92,065.63","92,724.42",,,"2,791,940.00"
10/12/2020,"90,830.41","93,794.95","90,830.41","92,230.33",,,"6,246,274.00"
9/12/2020,"90,583.36","90,665.71","90,006.92","90,336.32",,,"1,701,940.00"
8/12/2020,"90,665.71","90,830.41","89,759.88","89,924.57",,,"2,085,020.00"
7/12/2020,"89,759.88","91,324.50","89,595.18","90,583.36",,,"1,970,400.00"
4/12/2020,"90,171.62","90,336.32","89,595.18","89,759.88",,,"1,763,720.00"
3/12/2020,"89,759.88","90,501.01","89,595.18","90,171.62",,,"1,527,440.00"
2/12/2020,"90,253.97","90,418.66","89,512.83","89,759.88",,,"1,332,460.00"
1/12/2020,"88,359.95","90,418.66","88,277.60","90,336.32",,,"2,568,850.00"
